,Name,Year,Publisher,Film
0,3 Ninjas Kick Back ,1994,Sony Imagesoft,3 Ninjas Kick Back
1,007: Licence to Kill,1989,Domark,Licence to Kill
2,007 Legends,2012,Activision,"Goldfinger, On Her Majesty's Secret Service, Moonraker, Licence to Kill, Die Another Day, Skyfall"
3,102 Dalmatians: Puppies to the Rescue,2000,Eidos Interactive  Activision ,102 Dalmatians
4,300: March to Glory,2007,Warner Bros. Games,300
5,A Sound of Thunder ,2004,BAM! Entertainment,A Sound of Thunder
6,A.D. 2044,1996,LK Avalon,Sexmission
7,Action Man: Robot Atak,2004,Atari,Action Man: Robot Atak
8,Addams Family Values ,1995,Ocean Software,Addams Family Values
9,The Addams Family ,1992,Ocean Software,The Addams Family
10,Æon Flux ,2005,Majesco Entertainment,Æon Flux
11,Alex Rider: Stormbreaker,2006,THQ,Stormbreaker
12,Alexander ,2004,Ubisoft,Alexander
13,Alice in Wonderland ,2000,Nintendo,Alice in Wonderland
14,Alice in Wonderland ,2010,Disney Interactive Studios,Alice in Wonderland
15,Alice no Paint Adventure,1995,Epoch,Alice in Wonderland
16,Alien ,1982,Fox Video Games,Alien
17,Alien ,1984,Argus Press Software,Alien
18,Alien 3 ,1992,Acclaim EntertainmentVirgin Interactive Entertainment ,Alien 3
19,Alien 3: The Gun,1993,Sega,Alien 3
20,Alien Trilogy,1996,Acclaim Entertainment,Alien film series
21,Aliens ,1990,Konami,Aliens
22,Aliens Online,1998,GameStormKesmaiFox Interactive,Aliens
23,Aliens: Colonial Marines,2013,Sega,Alien film series
24,Aliens: Alien 2,1987,Square,Aliens
25,Alien: Resurrection ,2000,Fox Interactive,Alien Resurrection
26,Aliens: Extermination,2006,Global VR,Aliens
27,Aliens: The Computer Game ,1986,Activision  Electric Dreams Software ,Aliens
28,Aliens: The Computer Game ,1987,"Electric Dreams Software, Ricochet",Aliens
29,Aliens vs. Predator ,2010,Sega,Alien vs. Predator (2004) and Aliens vs. Predator: Requiem (2007)
30,Aliens vs. Predator: Requiem ,2007,Vivendi Games,Aliens vs. Predator: Requiem
31,All Dogs Go to Heaven ,1989,Merit Software,All Dogs Go to Heaven
32,Alvin and the Chipmunks ,2007,Brash Entertainment,Alvin and the Chipmunks
33,Alvin and the Chipmunks: The Squeakquel ,2009,Majesco Entertainment,Alvin and the Chipmunks: The Squeakquel
34,Alvin and the Chipmunks: Chipwrecked ,2011,NA: Majesco EntertainmentEU: 505 Games,Alvin and the Chipmunks: Chipwrecked
35,The Amazing Spider-Man ,2012,Activision,The Amazing Spider-Man
36,The Amazing Spider-Man 2 ,2014,Activision,The Amazing Spider-Man 2
37,An American Tail: The Computer Adventures of Fievel and His Friends,1992,Capstone Software,An American Tail and An American Tail: Fievel Goes West
38,An American Tail: Fievel Goes West ,1994,Hudson Soft,An American Tail: Fievel Goes West
39,Anastasia: Adventures with Pooka and Bartok,1997,Fox Interactive,Anastasia
40,Angry Birds Rio,2011,Rovio Mobile,Rio and Rio 2
41,The Ant Bully ,2006,Midway Games,The Ant Bully
42,Antz ,1999,Infogrames,Antz
43,Antz Extreme Racing,2002,Empire Interactive,Antz
44,Antz Racing,2001,Light & Shadow ProductionClub Acclaim Electronic Arts ,Antz
45,Arachnophobia ,1991,Disney Software,Arachnophobia
46,Arctic Tale ,2007,UK: Zoo Digital PublishingNA: DSI Games,Arctic Tale
47,Around the World in 80 Days ,2004,Thumbworks Hip Games ,Around the World in 80 Days
48,Arthur and the Invisibles ,2007,Atari,Arthur and the Invisibles
49,Asterix & Obelix Take On Caesar ,1999,Cryo Interactive,Asterix & Obelix Take On Caesar
50,Asterix at the Olympic Games ,2007,Atari Europe,Asterix at the Olympic Games
51,Astro Boy: The Video Game,2009,D3 Publisher,Astro Boy
52,Atlantis The Lost Empire: Search for the Journal,2001,Disney Interactive,Atlantis: The Lost Empire
53,Atlantis The Lost Empire: Trial by Fire,2001,Disney Interactive,Atlantis: The Lost Empire
54,Attack of the Killer Tomatoes ,1986,Global Software,Attack of the Killer Tomatoes
55,James Cameron's Avatar: The Game,2009,UbisoftLightstorm EntertainmentFox Digital EntertainmentGameloft ,Avatar
56,Back to the Future ,1985,Electric Dreams Software,Back to the Future
57,Back to the Future ,1989,LJN,Back to the Future
58,Back to the Future Part II & III,1990,Acclaim Entertainment,Back to the Future Part II and Back to the Future Part III
59,Back to the Future Part II ,1990,Arena Entertainment,Back to the Future Part II
60,Back to the Future Part III ,1991,Image Works Arena Entertainment,Back to the Future Part III
61,Bad Boys: Miami Takedown,2004,Empire InteractiveCrave Entertainment,Bad Boys II
62,Ballistic: Ecks vs. Sever ,2002,BAM! Entertainment,Ballistic: Ecks vs. Sever
63,Barnyard ,2006,THQ,Barnyard
64,Batman ,1989,Ocean Software,Batman
65,Batman ,1990,Atari Games,Batman
66,Batman ,1989,JP: SunsoftNA: SunsoftEU: Sega,Batman
67,Batman & Robin ,1998,Acclaim Entertainment Tiger Electronics ,Batman & Robin
68,Batman Begins ,2005,EA Games,Batman Begins
69,Batman Forever ,1995,Acclaim Entertainment BR: Tectoy,Batman Forever
70,Batman Forever: The Arcade Game,1996,Acclaim Entertainment,Batman Forever
71,Batman Returns ,1992,Sega of America Konami Atari ,Batman Returns
72,Batman: The Video Game,1989,Sunsoft,Batman
73,Battleship ,2012,Activision,Battleship
74,Beauty and the Beast ,1994,Hudson Soft,Beauty and the Beast
75,Bebe's Kids ,1994,Paramount Interactive Motown Games,Bébé's Kids
76,Bee Movie Game,2007,Activision,Bee Movie
77,Beetlejuice ,1991,Acclaim Entertainment,Beetlejuice
78,Beowulf: The Game,2007,Ubisoft,Beowulf
79,Beverly Hills Cop ,2006,Blast Entertainment,Beverly Hills Cop film series
80,Beverly Hills Cop ,1990,nan,Beverly Hills Cop
81,Big Trouble in Little China ,1986,Electric Dreams Software,Big Trouble in Little China
82,Bill & Ted's Excellent Adventure ,1989,Capstone,Bill & Ted's Excellent Adventure
83,Bill & Ted's Excellent Adventure ,1991,Electric Dreams Software,Bill & Ted's Excellent Adventure and Bill & Ted's Bogus Journey
84,The Black Cauldron ,1986,Sierra On-Line,The Black Cauldron
85,Blade ,2000,ActivisionMarvel Comics,Blade
86,Blade II ,2002,Activision,Blade II
87,Blade Runner ,1997,Virgin Interactive,Blade Runner
88,Blair Witch ,2000,Gathering of Developers,Blair Witch media franchise
89,Blazing Lazers,1989,"Hudson Soft, NEC",Gunhed
90,Bloodwings: Pumpkinhead's Revenge,1995,nan,Pumpkinhead II: Blood Wings
91,Bolt ,2008,Disney Interactive Studios,Bolt
92,Bram Stoker's Dracula ,1993,Sony Imagesoft,Bram Stoker's Dracula
93,Bram Stoker's Dracula ,1993,Sony ImagesoftPsygnosis ,Bram Stoker's Dracula
94,Brave ,2012,Disney Interactive Studios,Brave
95,A Bug's Life ,1998,Sony Computer Entertainment Disney Interactive THQ Activision ,A Bug's Life
96,Captain America: Super Soldier,2011,Sega,Captain America: The First Avenger
97,Cars ,2006,THQ,Cars
98,Cars 2 ,2011,Disney Interactive StudiosSony Computer Entertainment ,Cars 2
99,Cars 3: Driven to Win,2017,Warner Bros. Interactive Entertainment,Cars 3
100,Casper ,1996,Interplay ProductionsNatsume Microïds  WizardWorks ,Casper
101,Catwoman ,2004,Electronic Arts,Catwoman
102,Chaos Island: The Lost World,1997,DreamWorks Interactive,The Lost World: Jurassic Park
103,Charlie and the Chocolate Factory ,2005,Global Star Software2K Games ,Charlie and the Chocolate Factory
104,Charlie's Angels ,2003,Ubi Soft,Charlie's Angels and Charlie's Angels: Full Throttle
105,Charlotte's Web ,2006,SegaBlast! Entertainment Ltd. ,Charlotte's Web
106,The Cheetah Girls ,2006,Buena Vista Games,The Cheetah Girls and The Cheetah Girls 2
107,The Cheetah Girls: Passport to Stardom,2008,Disney Interactive Studios,The Cheetah Girls: One World
108,Chicken Little ,2005,Buena Vista Games,Chicken Little
109,Chicken Run ,2000,Eidos InteractiveTHQ Activision ,Chicken Run
110,Chłopaki Nie Płaczą ,2005,nan,Boys Don't Cry
111,Chō Jikū Yōsai Macross: Ai Oboete Imasu ka,1997,Bandai,Macross: Do You Remember Love?
112,The Chronicles of Narnia: Prince Caspian ,2008,Disney Interactive Studios,The Chronicles of Narnia: Prince Caspian
113,"The Chronicles of Narnia: The Lion, the Witch and the Wardrobe ",2005,Buena Vista Games,"The Chronicles of Narnia: The Lion, the Witch and the Wardrobe"
114,The Chronicles of Narnia: The Voyage of the Dawn Treader ,2010,Gameloft,The Chronicles of Narnia: The Voyage of the Dawn Treader
115,The Chronicles of Riddick: Escape from Butcher Bay,2004,Vivendi Universal Games,The Chronicles of Riddick
116,The City of Lost Children ,1997,PsygnosisPlayStationNA/EU: PsygnosisJP: GameBank,The City of Lost Children
117,Clash of the Titans ,2010,BandaiWarner Bros. Interactive EntertainmentGlu Games ,Clash of the Titans
118,Cliffhanger ,1993,Sony ImagesoftPsygnosis,Cliffhanger
119,Clive Barker's Nightbreed: The Interactive Movie,1990,Ocean Software,Nightbreed
120,Cloak & Dagger ,1984,Atari,Cloak & Dagger
121,Cloudy with a Chance of Meatballs ,2009,Ubisoft,Cloudy with a Chance of Meatballs
122,Cobra ,1987,Ocean Software,Cobra
123,Computerized Coloring Books,1992,IntraCorp,"FernGully: The Last Rainforest, Rock-a-Doodle, and Home Alone"
124,Congo The Movie: The Lost City of Zinj,1996,Sega,Congo
125,Constantine ,2005,SCi Games,Constantine
126,Cool World ,1992,Ocean,Cool World
127,Cool World ,1993,Ocean,Cool World
128,Cool World ,1993,Ocean,Cool World
129,Coraline ,2009,D3 PublisherVivendi Games,Coraline
130,The Crow: City of Angels ,1997,Acclaim Entertainment,The Crow: City of Angels
131,Curious George ,2006,Namco,Curious George
132,Cutthroat Island ,1995,Acclaim Entertainment,Cutthroat Island
133,Cyberwar ,1994,Interplay Productions,The Lawnmower Man
134,The Dark Crystal ,1983,SierraVenture,The Dark Crystal
135,Batman: The Dark Knight ,(cancelled),Electronic Arts,The Dark Knight
136,Darkman ,1991,Ocean Software,Darkman
137,Daredevil ,2003,Encore SoftwareTHQ,Daredevil
138,Days of Thunder ,1990,Mindscape Group,Days of Thunder
139,Days of Thunder ,2011,"Paramount Digital Entertainment,505 Games ",Days of Thunder
140,Dead or Alive: Adventures,TBA,Koei Tecmo,Dead or Alive: Adventures
141,Demolition Man ,1994,Acclaim,Demolition Man
142,Demolition Man ,1994,Virgin Interactive Entertainment,Demolition Man
143,Dennis the Menace ,1993,Ocean Software,Dennis the Menace
144,Dick Tracy ,,various,Dick Tracy
145,Die Hard Arcade,1996,Sega,First three films in the Die Hard film series
146,Die Hard ,1991,Activision,Die Hard
147,Die Hard: Nakatomi Plaza,2002,Sierra Entertainment,Die Hard
148,Die Hard Trilogy,1996,Fox Interactive Electronic Arts Victor  Sega ,First three films in the Die Hard film series
149,DinoCity,1992,Irem,Adventures in Dinosaur City
150,Dirty Harry ,1990,Mindscape,Dirty Harry film series
151,Disney's Activity Center,,Disney Software / Disney Interactive,various Disney films
152,Disney's Animated Storybook,,Disney Interactive,various Disney films
153,Disney's Aladdin ,1994,Sega,Aladdin
154,Disney's Aladdin ,1993,Capcom,Aladdin
155,Disney's Aladdin ,1993,Virgin GamesSega Ubi Soft ,Aladdin
156,Disney's Beauty and the Beast ,1994,Hudson Soft,Beauty and the Beast
157,Disney's Beauty and the Beast Magical Ballroom,2000,Disney Interactive Studios,Beauty and the Beast franchise
158,Disney's Beauty & The Beast: A Boardgame Adventure,1999,nan,Beauty and the Beast franchise
159,Disney's Brother Bear ,2003,Disney Interactive,Brother Bear
160,Disney's Chicken Little: Ace in Action,2005,Buena Vista Games,Chicken Little
161,Disney's Herbie: Fully Loaded,2005,Buena Vista Games,Herbie: Fully Loaded
162,Disney's Lilo & Stitch ,2002,Disney InteractiveUbisoft ,Lilo & Stitch
163,Disney's Pocahontas ,1996,Mega Drive/GenesisNA: Disney InteractiveEU: SegaGame BoyTHQ ,Pocahontas
164,Disney's Print Studio,,Disney Interactive,various Disney films
165,Disney's Stitch: Experiment 626,2002,Sony Computer Entertainment,Lilo & Stitch
166,Disney's Tarzan ,1999,Disney InteractiveActivision Sony Computer Entertainment JP: Konami,Tarzan
167,Don 2: The King is Back ,2013,Excel Entertainment,Don 2
168,Double Dragon ,1995,"Technōs Japan, SNK",Double Dragon
169,Dr. Seuss: How the Grinch Stole Christmas!,2007,NA: DSI GamesEU: Zoo Digital Publishing,How the Grinch Stole Christmas
170,Dragon: The Bruce Lee Story ,1995,Virgin Interactive Entertainment  Acclaim Entertainment  Atari Corporation ,Dragon: The Bruce Lee Story
171,Dragonball Evolution ,2009,Namco Bandai Games ,Dragonball Evolution
172,Driven ,2001,BAM! Entertainment,Driven
173,E.T. the Extra-Terrestrial ,1982,"Atari, Inc.",E.T. the Extra-Terrestrial
174,Ecks vs. Sever,2001,Bam! Entertainment Franchise Interactive,Ballistic: Ecks vs. Sever
175,The Emperor's New Groove ,2000,Sony Computer Entertainment Disney Interactive Ubi Soft ,The Emperor's New Groove
176,Enchanted ,2007,Disney Interactive,Enchanted
177,Eragon ,2006,Vivendi Games,Eragon
178,The Evil Dead ,1984,Palace Software,The Evil Dead
179,Fantasia ,1991,Sega,Fantasia
180,Fantasia: Music Evolved,2014,Disney Interactive,Fantasia and Fantasia 2000
181,Fantastic Four ,2005,Activision,Fantastic Four
182,Fantastic Four: Rise of the Silver Surfer ,2007,2K Games,Fantastic Four: Rise of the Silver Surfer
183,The Fifth Element ,1998,JP: Hudson SoftNA: ActivisionEU: Sony Computer EntertainmentEU: Ubi Soft ,The Fifth Element
184,Fight Club ,2004,Vivendi Universal Games,Fight Club
185,Finding Nemo ,2003,THQ,Finding Nemo
186,Firefox ,1984,"Atari, Inc.",Firefox
187,The Flintstones ,1994,Ocean Software,The Flintstones
188,Flushed Away ,2006,D3 Publisher,Flushed Away
189,Friday the 13th ,1985,Domark,Friday the 13th franchise
190,Friday the 13th ,1989,LJN,Friday the 13th franchise
191,Friday the 13th: The Game,2017,Gun Media,Friday the 13th franchise
192,From Dusk Till Dawn ,2001,Cryo Interactive,From Dusk till Dawn
193,Frozen: Olaf's Quest,2013,GameMill Entertainment,Frozen
194,G-Force ,2009,Disney Interactive Studios,G-Force
195,G.I. Joe: The Rise of Cobra ,2009,Electronic Arts,G.I. Joe: The Rise of Cobra
196,Ghajini – The Game,2008,FXLabs and Geetha Arts,Ghajini
197,Ghost Rider,2007,2K Games,Ghost Rider
198,Ghostbusters ,1984,Activision,Ghostbusters (1984)
199,Ghostbusters ,2016,Activision,Ghostbusters (2016)
200,Ghostbusters II ,1990,Activision,Ghostbusters II
201,Ghostbusters: The Video Game,2009,AtariSony Computer Entertainment Europe ,Ghostbusters franchise
202,The Godfather ,1991,U.S. Gold,The Godfather film series
203,The Godfather ,2006,Electronic Arts,The Godfather
204,The Godfather II ,2009,Electronic Arts,The Godfather Part II
205,The Golden Compass ,2007,Sega,The Golden Compass
206,GoldenEye 007 ,1997,Nintendo,GoldenEye
207,GoldenEye 007 ,2010,Activision,GoldenEye
208,GoldenEye: Source,2010,Team GoldenEye: Source,GoldenEye
209,The Goonies ,1986,Konami,The Goonies
210,The Goonies ,1986,Konami,The Goonies
211,Gotcha! The Sport!,1987,LJN,Gotcha!
212,The Great Escape ,2003,SCi Games  Gotham Games ,The Great Escape
213,Green Lantern: Rise of the Manhunters,2011,Warner Bros. Interactive Entertainment,Green Lantern
214,Gremlins ,1984,Atari,Gremlins
215,Gremlins 2: The New Batch ,1990,"Sunsoft, Hi-Tech Expressions, Elite Systems, Topo Soft",Gremlins 2: The New Batch
216,The Grinch ,2000,Konami,How the Grinch Stole Christmas
217,Halloween ,1983,Wizard Video,Halloween film series
218,Happy Feet ,2006,Midway Games,Happy Feet
219,Harry Potter and the Philosopher's Stone ,2001,EA Games,Harry Potter and the Philosopher's Stone
220,Harry Potter and the Chamber of Secrets ,2002,EA Games,Harry Potter and the Chamber of Secrets
221,Harry Potter and the Prisoner of Azkaban ,2004,EA Games,Harry Potter and the Prisoner of Azkaban
222,Harry Potter and the Goblet of Fire ,2005,Electronic Arts,Harry Potter and the Goblet of Fire
223,Harry Potter and the Order of the Phoenix ,2007,Electronic Arts,Harry Potter and the Order of the Phoenix
224,Harry Potter and the Half-Blood Prince ,2009,Electronic Arts,Harry Potter and the Half-Blood Prince
225,Harry Potter and the Deathly Hallows – Part 1 ,2010,Electronic Arts,Harry Potter and the Deathly Hallows – Part 1
226,Harry Potter and the Deathly Hallows – Part 2 ,2011,Electronic Arts,Harry Potter and the Deathly Hallows – Part 2
227,Disney's Hercules ,1997,Virgin Interactive Sony Computer Entertainment Europe  Disney Interactive THQ ,Hercules
228,High School Musical: Makin' the Cut!,2007,Disney Interactive Studios,High School Musical
229,High School Musical 2: Work This Out!,2008,Disney Interactive Studios,High School Musical 2
230,High School Musical 3: Senior Year ,2008,Disney Interactive Studios,High School Musical 3: Senior Year
231,Highlander ,1986,Ocean Software Ltd,Highlander
232,Home Alone ,1991,Toy HeadquartersAltron Sega Capstone Software ,Home Alone
233,Home Alone 2 ,1992,Toy HeadquartersSegaCapstone Software,Home Alone 2: Lost in New York
234,Hook ,,various,Hook
235,How to Train Your Dragon ,2010,Activision,How to Train Your Dragon
236,Howard the Duck ,1986,Activision,Howard the Duck
237,Hudson Hawk ,1991,Ocean Software,Hudson Hawk
238,Hulk ,2003,Universal Interactive,Hulk
239,The Hunchback of Notre Dame: Topsy Turvy Games,1996,nan,The Hunchback of Notre Dame
240,The Hunt for Red October ,1990,Grandslam Interactive Ltd.,The Hunt for Red October
241,The Hunt for Red October ,1991,"Hi-Tech Expressions, Inc.",The Hunt for Red October
242,Ice Age ,2002,Ubi Soft,Ice Age
243,Ice Age 2: The Meltdown ,2006,Vivendi Universal Games,Ice Age: The Meltdown
244,Ice Age: Dawn of the Dinosaurs ,2009,Activision,Ice Age: Dawn of the Dinosaurs
245,Ice Nine ,2005,BAM! Entertainment,The Recruit
246,The Incredible Hulk ,2008,Sega,The Incredible Hulk
247,The Incredibles ,2004,THQDisney Mobile Studios ,The Incredibles
248,Independence Day ,1997,Fox Interactive,Independence Day
249,Indiana Jones and the Last Crusade ,1991,Taito Corporation,Indiana Jones and the Last Crusade
250,Indiana Jones and the Last Crusade: The Action Game,1989,U.S. Gold,Indiana Jones and the Last Crusade
251,Indiana Jones and the Last Crusade: The Graphic Adventure,1989,Lucasfilm Games,Indiana Jones and the Last Crusade
252,Indiana Jones and the Temple of Doom ,1985,Atari Games,Indiana Jones and the Temple of Doom
253,Indiana Jones and the Temple of Doom ,1988,MindscapeTengen,Indiana Jones and the Temple of Doom
254,Indiana Jones' Greatest Adventures,1994,"JVC, LucasArts","Raiders of the Lost Ark, Indiana Jones and the Temple of Doom, and Indiana Jones and the Last Crusade"
255,Iron Man ,2008,Sega,Iron Man
256,Iron Man 2 ,2010,SegaGameloft ,Iron Man 2
257,Iron Man 3: The Official Game,2013,Gameloft,Iron Man 3
258,Iron Sky: Invasion,2012,TopWare Interactive,Iron Sky
259,The Italian Job ,2001,PlayStationEU: Sales Curve InteractiveNA: Rockstar GamesWindowsEU: SCi GamesNA: Global Star Software,The Italian Job (1969)
260,The Italian Job ,2003,Eidos Interactive,The Italian Job (2003)
261,James Bond 007 ,1983,Parker Brothers,"Diamonds are Forever, The Spy Who Loved Me, Moonraker, and For Your Eyes Only"
262,James Bond 007: From Russia with Love,2005,Electronic Arts,From Russia with Love
263,James Bond 007: Goldfinger,1986,Mindscape,James Bond film series
264,Jaws ,1987,LJN,Jaws: The Revenge
265,Journey to the Center of the Earth ,2008,THQ,Journey to the Center of the Earth
266,Judge Dredd ,1995,Acclaim Entertainment,Judge Dredd
267,Jumper: Griffin's Story ,2008,Brash Entertainment,Jumper
268,The Jungle Book ,1994,Virgin Interactive EntertainmentNintendo Australia,The Jungle Book
269,Jurassic Park ,1994,Sega,Jurassic Park
270,Jurassic Park ,1993,Ocean Software,Jurassic Park
271,Jurassic Park ,1993,Sega,Jurassic Park
272,Jurassic Park ,1994,Sega of America,Jurassic Park
273,Jurassic Park ,1993,Sega,Jurassic Park
274,Jurassic Park ,1993,NA: Ocean SoftwareEU: Ocean SoftwareJP: Jaleco,Jurassic Park
275,Jurassic Park: The Game,1993,Telltale Games,Jurassic Park
276,Jurassic Park III ,2001,Konami,Jurassic Park III
277,Jurassic Park III: Danger Zone!,2001,Knowledge Adventure,Jurassic Park III
278,Jurassic Park III: Dino Defender,2001,Knowledge Adventure,Jurassic Park III
279,Jurassic Park III: Island Attack,2001,Konami,Jurassic Park III
280,Jurassic Park III: Park Builder,2001,Konami,Jurassic Park III
281,Jurassic Park III: The DNA Factor,2001,Konami,Jurassic Park III
282,Jurassic Park Interactive,1994,Universal Interactive Studios,Jurassic Park
283,The Karate Kid ,1987,LJN,The Karate Kid and The Karate Kid Part II
284,King Arthur ,2004,KonamiWalt Disney Internet Group ,King Arthur
285,Peter Jackson's King Kong,2005,Ubisoft,King Kong
286,Kirikou ,2001,Wanadoo,Kirikou and the Sorceress
287,Kick-Ass: The Game,2010,Frozen Codebase WHA Entertainment ,Kick-Ass
288,Kick-Ass 2: The Game,2014,UIG Entertainment,Kick-Ass 2
289,Krull ,1983,"Atari, Inc.",Krull
290,Kung Fu Panda ,2008,Activision,Kung Fu Panda
291,Kung Fu Panda 2 ,2011,THQ,Kung Fu Panda 2
292,Kung Fu Panda World,2010,DreamWorks Animation,Kung Fu Panda franchise
293,Kung Fu Panda: Legendary Warriors,2008,Activision,Kung Fu Panda franchise
294,Kung Fu Panda: Showdown of Legendary Legends,2015,Little Orbit,Kung Fu Panda franchise
295,Kung-Fu Master ,1984,Irem  Data East Nintendo ,Wheels on Meals
296,Labyrinth: The Computer Game,1986,Activision,Labyrinth
297,List of The Land Before Time video games,,nan,The Land Before Time film franchise
298,Land of the Dead: Road to Fiddler's Green,2005,Groove Games,Land of the Dead
299,Last Action Hero ,,Sony ImagesoftPsygnosis,Last Action Hero
300,The Last Airbender ,2010,THQ,The Last Airbender
301,The Lawnmower Man ,1992,"SNESNA: THQEU: StormJP: Coconuts Japan Sega Genesis, Sega CDNA: Time Warner InteractiveEU: Time Warner Interactive",The Lawnmower Man
302,Legend of the Guardians: The Owls of Ga'Hoole ,2010,Warner Bros. Interactive Entertainment,Legend of the Guardians: The Owls of Ga'Hoole
303,Lego The Hobbit ,2014,Warner Bros. Interactive EntertainmentFeral Interactive ,An Unexpected Journey and The Desolation of Smaug
304,Lego Jurassic World,2015,Warner Bros. Interactive EntertainmentFeral Interactive ,Jurassic World
305,Lego Marvel's Avengers,2016,Warner Bros. Interactive EntertainmentFeral Interactive ,several Marvel Cinematic Universe films
306,The Lego Movie Videogame,2014,Warner Bros. Interactive EntertainmentFeral Interactive ,The Lego Movie
307,The Lego Ninjago Movie Video Game,2017,Warner Bros. Interactive Entertainment,The Lego Ninjago Movie
308,Lego The Lord of the Rings ,2013,Warner Bros. Interactive EntertainmentFeral Interactive ,The Lord of the Rings film trilogy
309,Lemony Snicket's A Series of Unfortunate Events ,2004,Activision,Lemony Snicket's A Series of Unfortunate Events
310,Lethal Weapon ,1992,Ocean Software,Lethal Weapon
311,Lilo & Stitch: Trouble in Paradise,2002,Sony Computer Entertainment  Disney Interactive ,Lilo & Stitch
312,The Lion King ,1992,Virgin Interactive Entertainment,The Lion King
313,The Lion King 1½ ,2003,Disney Interactive,The Lion King 1½
314,The Lion King: Simba's Mighty Adventure,2000,Activision,The Lion King
315,The Little Mermaid ,1991,Capcom,The Little Mermaid
316,Little Nicky ,2000,Ubi Soft,Little Nicky
317,Live and Let Die ,1988,Domark,Live and Let Die
318,The Living Daylights ,1987,Domark,The Living Daylights
319,Looney Tunes: Back in Action ,2003,Electronic Arts,Looney Tunes: Back in Action
320,The Lord of the Rings: Aragorn's Quest,2010,Warner Bros. Interactive Entertainment,Lord of the Rings film trilogy
321,The Lord of the Rings: The Return of the King ,2003,EA Games,The Lord of the Rings: The Return of the King
322,The Lord of the Rings: The Third Age ,2004,Electronic Arts,Lord of the Rings film trilogy
323,The Lord of the Rings: The Third Age,2004,EA Games,Lord of the Rings film trilogy
324,The Lord of the Rings: The Two Towers ,2002,EA Games,The Lord of the Rings: The Fellowship of the Ring and The Lord of the Rings: The Two Towers
325,The Lord of the Rings: War in the North,2011,Warner Bros. Interactive EntertainmentFeral Interactive ,Lord of the Rings film trilogy
326,The Lost World: Jurassic Park ,1997,Sega,The Lost World: Jurassic Park
327,The Lost World: Jurassic Park ,1997,Sega Tiger THQ ,The Lost World: Jurassic Park
328,The Lost World: Jurassic Park ,1997,Electronic Arts Sega ,The Lost World: Jurassic Park
329,The Lost World: Jurassic Park ,1997,Sega,The Lost World: Jurassic Park
330,Mad Max ,1990,Mindscape,Mad Max 2
331,Mad Max ,2015,Warner Bros. Interactive Entertainment,Mad Max franchise
332,Madagascar ,2005,Activision,Madagascar
333,Madagascar Kartz,2009,Activision,Madagascar
334,Madagascar: Escape 2 Africa ,2008,Activision,Madagascar: Escape 2 Africa
335,Madagascar: Operation Penguin,2005,Activision,Madagascar
336,Manos: The Hands of Fate ,2012,FreakZone,Manos: The Hands of Fate
337,The Mask ,1995,NA: Black Pearl SoftwareEU: Black Pearl SoftwareJP: Virgin Interactive Entertainment,The Mask
338,Masters of the Universe: The Movie,1987,Gremlin Graphics,Masters of the Universe
339,Meet the Robinsons ,2007,Disney Interactive Studios,Meet the Robinsons
340,Megamind ,2010,THQ,Megamind
341,Men in Black II: Alien Escape,2002,Infogrames,Men in Black II
342,Men in Black: The Game,1997,SouthPeak Interactive Gremlin Interactive ,Men in Black
343,Miami Vice: The Game,2006,Vivendi Universal Games,Miami Vice
344,MIB: Alien Crisis,2012,Activision,Men in Black 3
345,Michael Jackson's Moonwalker,,nan,Moonwalker
346,"Monsters, Inc. ",2001,THQ Sony Computer Entertainment ,"Monsters, Inc."
347,Mighty Morphin Power Rangers: The Movie ,,nan,Mighty Morphin Power Rangers: The Movie
348,Minority Report: Everybody Runs,2002,Activision,Minority Report
349,Mission: Impossible ,1998,Ocean Software Nintendo 64NA: Ocean SoftwareEU: InfogramesPlayStationNA / EU: Infogrames,Mission: Impossible
350,Monster House ,2006,THQ,Monster House
351,Monsters vs. Aliens ,2009,Activision,Monsters vs. Aliens
352,Monty Python & the Quest for the Holy Grail,1996,"7th Level, Panasonic Interactive Media",Monty Python and the Holy Grail
353,Monty Python's Cow Tossing,2011,Zed Group,Monty Python and the Holy Grail
354,Monty Python's The Meaning of Life ,1997,"7th Level, Panasonic Interactive Media",Monty Python's The Meaning of Life
355,The Mummy Demastered,2017,WayForward Technologies,The Mummy (2017)
356,The Mummy: Tomb of the Dragon Emperor ,2008,Vivendi Games,The Mummy: Tomb of the Dragon Emperor
357,Muppet Treasure Island ,1996,Activision,Muppet Treasure Island
358,The Muppets Movie Adventures,2014,Sony Computer Entertainment,The Muppets and Muppets Most Wanted
359,Nacho Libre ,2006,Nick Games,Nacho Libre
360,Napoleon Dynamite: The Game,2007,Crave Entertainment,Napoleon Dynamite
361,New York Race,2001,Wanadoo Edition,The Fifth Element
362,Night at the Museum: Battle of the Smithsonian ,2009,Majesco Entertainment,Night at the Museum: Battle of the Smithsonian
363,A Nightmare on Elm Street ,1990,LJN,Nightmare on Elm Street franchise
364,No Escape ,1994,Sony Imagesoft,No Escape
365,Open Season ,2006,Ubisoft,Open Season
366,Over the Hedge ,2006,Activision,Over the Hedge
367,Over the Hedge ,2006,Activision,Over the Hedge
368,Over the Hedge: Hammy Goes Nuts!,2006,Activision,Over the Hedge
369,Pacific Rim ,2013,Yuke's,Pacific Rim
370,The Pagemaster ,1994,Fox Interactive Turner Interactive ,The Pagemaster
371,Pandorum ,2009,"Artificial Life, Inc.",Pandorum
372,Phantom Fighter,1988,JP: Pony CanyonNA: FCI,Mr. Vampire
373,Phineas and Ferb: Across the 2nd Dimension ,2011,Disney Interactive StudiosSony Computer Entertainment  ,Phineas and Ferb the Movie: Across the 2nd Dimension
374,Piglet's Big Game,2003,Gotham Games  Disney Interactive  THQ ,Piglet's Big Movie
375,Pinocchio ,1996,"SNES: Nintendo, Capcom   Mega Drive/Genesis NA: THQ PAL: Disney Interactive Game Boy: Black Pearl Software",Pinocchio
376,Pirates of the Caribbean: At World's End ,2007,Disney Interactive Studios,Pirates of the Caribbean: Dead Man's Chest and Pirates of the Caribbean: At World's End
377,Pirates of the Caribbean: Dead Man's Chest ,2006,Buena Vista Games,Pirates of the Caribbean: Dead Man's Chest
378,Pirates of the Caribbean: The Curse of the Black Pearl ,2003,"Disney Interactive, TDK Mediactive",Pirates of the Caribbean: The Curse of the Black Pearl
379,Plan 9 from Outer Space ,1992,Gremlin Graphics /Konami ,Plan 9 from Outer Space
380,Planet of the Apes ,2001,Ubisoft,Planet of the Apes
381,Planet of the Apes: Last Frontier,2017,FOXNEXT GamesThe ImaginariumCreative England,Planet of the Apes franchise
382,Platoon ,1987,"Data East, Sunsoft ",Platoon
383,Platoon ,2002,Monte CristoStrategy First,Platoon
384,The Polar Express ,2004,THQ,The Polar Express
385,Porky's ,1983,20th Century FoxRomox ,Porky's
386,Predator ,1987,Activision Superior Software The Hit Squad Pack-In-Video,Predator
387,Predator 2 ,1990,Image Works Konami Mirrorsoft,Predator 2
388,Predator 2 ,1992,Acclaim Entertainment,Predator 2
389,The Punisher ,2005,THQ,The Punisher
390,Puss in Boots ,2011,THQ,Puss in Boots
391,007: Quantum of Solace,2008,Activision,Casino Royale and Quantum of Solace
392,Quest for Camelot ,1998,Titus InteractiveNintendo,Quest for Camelot
393,R.I.P.D. The Game,2013,Atlus USA,R.I.P.D.
394,Raiders of the Lost Ark ,1982,"Atari, Inc.",Raiders of the Lost Ark
395,Rambo ,1985,Ocean Software,Rambo: First Blood Part II
396,Rambo: First Blood Part II ,1986,Sega,Rambo: First Blood Part II
397,Rambo ,1987,Acclaim,Rambo: First Blood Part II
398,Rambo III ,1988,"Ocean/Taito, Sega",Rambo III
399,Rango ,2011,Electronic ArtsParamount Digital Entertainment,Rango
400,Ratatouille ,2007,THQ,Ratatouille
401,Ratatouille: Food Frenzy,2007,THQ,Ratatouille
402,Ratchet & Clank ,2016,Sony Computer Entertainment,Ratchet & Clank
403,Reign of Fire ,2002,BAM! Entertainment,Reign of Fire
404,Reservoir Dogs ,2006,Eidos Interactive,Reservoir Dogs
405,Return of the Jedi: Death Star Battle,1983,Parker BrothersSinclair Research,Return of the Jedi
406,Rise of the Guardians: The Video Game,2012,D3 Publisher,Rise of the Guardians
407,Ro,2006,nan,Ro(c)k podvraťáků
408,Robin Hood: Prince of Thieves ,1991,Virgin Games,Robin Hood: Prince of Thieves
409,RoboCop ,1988,Data East Corporation Data East Ocean Software Erbe Software Tandy Corporation Game BoyNA/EU: Ocean SoftwareJP: Epic/Sony Records,RoboCop
410,RoboCop 2 ,1990,Ocean Software ,RoboCop 2
411,RoboCop 3 ,,Flying Edge Ocean Software ,RoboCop 3
412,RoboCop ,2001,Titus Software,RoboCop
413,RoboCop ,2003,Titus Software Corporation,RoboCop
414,RoboCop ,2004,nan,RoboCop
415,RoboCop ,2014,Glu Mobile,RoboCop (2014)
416,Robots ,2005,Vivendi Universal Games,Robots
417,The Rocketeer ,1991,Bandai,The Rocketeer
418,Rocky Balboa ,2007,Ubisoft,Rocky Balboa
419,Rocky Super Action Boxing,1983,Coleco,Rocky III
420,The Room ,2010,Newgrounds,The Room
421,Rudolph the Red-Nosed Reindeer ,2010,Red Wagon Games,Rudolph the Red-Nosed Reindeer
422,Rugrats in Paris: The Movie ,2000,THQ Mattel Interactive ,Rugrats in Paris: The Movie
423,The Rugrats Movie ,1998,THQ,The Rugrats Movie
424,Saw ,2009,Konami,Saw film franchise
425,Saw II: Flesh & Blood,2010,Konami,Saw film franchise
426,Scan Command: Jurassic Park,2001,Knowledge Adventure,Jurassic Park III
427,Scarface ,2012,nan,Scarface
428,Scarface: Money. Power. Respect.,2006,Vivendi Games,Scarface
429,Scarface: The World Is Yours,2006,Vivendi Games,Scarface
430,The Scorpion King: Sword of Osiris,2002,Universal Interactive,The Scorpion King
431,The Scorpion King: Rise of the Akkadian,2002,Universal Interactive,The Scorpion King
432,Scott Pilgrim vs. the World: The Game,2010,Ubisoft,Scott Pilgrim vs. the World
433,Seven Samurai 20XX,2004,Sammy,Seven Samurai'
434,The Shadow ,1994,Ocean Software,The Shadow
435,Shark Tale ,2004,ActivisionTaito Corporation ,Shark Tale
436,Sharknado: The Video Game,2014,Majesco Entertainment,Sharknado 2: The Second One
437,Short Circuit ,,nan,Short Circuit
438,Shrek ,2001,TDK Mediactive,Shrek
439,Shrek 2 ,2004,Activision,Shrek 2
440,Shrek Forever After ,2010,Activision,Shrek Forever After
441,Shrek the Third ,2007,Activision,Shrek the Third
442,The Sky Crawlers: Innocent Aces,2008,JP: Namco BandaiNA: Xseed GamesEU: Namco Bandai,The Sky Crawlers
443,Small Soldiers ,1998,Electronic ArtsTHQ ,Small Soldiers
444,The Smurfs ,2011,Ubisoft,The Smurfs
445,Space Chimps ,2008,Brash Entertainment,Space Chimps
446,Space Jam ,1996,Acclaim Entertainment,Space Jam
447,Speed Racer: The Videogame,2008,Warner Bros. GamesGlu Mobile ,Speed Racer
448,Spider-Man ,2002,Activision,Spider-Man
449,Spider-Man 2 ,2004,Activision,Spider-Man 2
450,Spider-Man 3 ,2007,Activision,Spider-Man 3
451,The Spiderwick Chronicles ,2008,Vivendi Games,The Spiderwick Chronicles
452,SpongeBob HeroPants,2015,Activision,The SpongeBob Movie: Sponge Out of Water
453,The SpongeBob SquarePants Movie ,2004,THQ,The SpongeBob SquarePants Movie
454,The Spy Who Loved Me ,1990,Domark,The Spy Who Loved Me
455,Star Trek Generations: Beyond the Nexus,1994,Absolute Entertainment,Star Trek Generations
456,Star Trek DAC,2009,Paramount Digital Entertainment,Star Trek (2009)
457,Star Trek Generations ,1997,MicroProse,Star Trek Generations
458,Star Trek: Hidden Evil,1999,NA: ActivisionEU: Empire Interactive,Star Trek: Insurrection
459,Star Trek: Phaser Strike,1979,Milton Bradley,Star Trek: The Motion Picture
460,Star Wars ,1983,"Atari, Inc.",Star Wars (1977)
461,Star Wars ,1987,Namco,Star Wars (1977)
462,Star Wars ,1991,JP: Victor InteractiveNA: JVCNA: Capcom NA: Nintendo NA/EU: U.S. Gold EU: Lucasfilm GamesEU: Ubisoft EU: Kixx SA: Tec Toy,Star Wars (1977)
463,Star Wars: The Empire Strikes Back ,1982,Parker Brothers,The Empire Strikes Back
464,Star Wars: The Empire Strikes Back ,1985,Atari Games,The Empire Strikes Back
465,Star Wars: The Empire Strikes Back ,1992,JVC,The Empire Strikes Back
466,Star Wars: Episode I – The Phantom Menace ,1999,LucasArts,Star Wars: Episode I – The Phantom Menace
467,Star Wars: Episode II – Attack of the Clones ,2002,THQ,Star Wars: Episode II – Attack of the Clones
468,Star Wars: Episode III – Revenge of the Sith ,2005,LucasArtsUbisoft ,Star Wars: Episode III – Revenge of the Sith
469,Star Wars: Return of the Jedi ,1984,Atari Domark,Return of the Jedi
470,Stargate ,1994,Acclaim Entertainment,Stargate
471,Stargate ,1995,Acclaim Entertainment,Stargate
472,Starship Troopers ,1997,Empire Interactive and Destineer,Starship Troopers
473,Starship Troopers: Terran Ascendancy,2000,Hasbro Interactive,Starship Troopers
474,Street Fighter: The Movie ,1995,Capcom,Street Fighter
475,Street Fighter: The Movie ,1995,Capcom Acclaim Entertainment ,Street Fighter
476,The Sum of All Fears ,2002,Ubi Soft,The Sum of All Fears
477,Super Star Wars: Return of the Jedi,1994,"NA: JVC, later re-released by THQ JP/EU: JVC NA/EU: Black Pearl Software ",Return of the Jedi
478,Super Star Wars: The Empire Strikes Back,1993,"JVC, later re-released by THQ LucasArts ",The Empire Strikes Back
479,Superman Returns ,2006,Electronic Arts,Superman Returns
480,Superman Returns: Fortress of Solitude,2006,Electronic Arts,Superman Returns
481,Surf's Up ,2007,UbisoftSony Computer Entertainment America ,Surf's Up
482,Sweet Home ,1989,Capcom,Sweet Home
483,Tangled: The Video Game,2010,Disney Interactive Studios,Tangled
484,Tasmania Story ,1990,NA: FCIJP: Pony Canyon,Tasmania Story
485,Tasmania Story ,1990,NA: FCIJP: Pony Canyon,Tasmania Story
486,The Terminator ,1990,Bethesda Softworks,The Terminator
487,The Terminator ,1993,Mindscape,The Terminator
488,Terminator 2: Judgment Day ,1991,Midway  Acclaim Entertainment ,Terminator 2: Judgment Day
489,Terminator 3: Rise of the Machines ,2003,"Atari, Inc.",Terminator 3: Rise of the Machines
490,Terminator Salvation ,2009,Equity GamesEvolved Games,Terminator Salvation
491,The Texas Chainsaw Massacre ,1982,Wizard Video,The Texas Chainsaw Massacre film series
492,The Thing ,2002,Black Label GamesKonami,The Thing
493,Thor: God of Thunder,2011,Sega,Thor
494,Timecop ,1995,"JVC Victor Interactive Software, Inc.",Timecop
495,TMNT ,2007,Ubisoft,TMNT
496,TMNT ,2007,UbisoftGame Factory InteractiveRussobit-M,TMNT (video game)
497,Toki no Tabibito: Time Stranger ,1986,nan,Toki no Tabibito: Time Stranger
498,Tomorrow Never Dies ,1999,Electronic Arts MGM Interactive,Tomorrow Never Dies
499,Top Gun ,1986,nan,Top Gun
500,Top Gun ,1987,nan,Top Gun
501,Top Gun: The Second Mission,1989,nan,Top Gun
502,Top Gun: Danger Zone,1991,Konami,Top Gun
503,Top Gun: Fire At Will,1996,Spectrum Holobyte,Top Gun
504,Top Gun: Guts and Glory,1993,NA: KonamiEU: Konami,Top Gun
505,Top Gun: Hornet's Nest,1998,nan,Top Gun
506,Top Gun: Firestorm,2001,Titus Interactive,Top Gun
507,Top Gun: Combat Zones,2001,Titus Interactive,Top Gun
508,Top Gun ,2006,"Mastiff Inc in North America, and Taito in Japan",Top Gun
509,Top Gun ,2007,Blast! Entertainment Ltd,Top Gun
510,Top Gun: Hard Lock,2012,nan,Top Gun
511,Total Recall ,1990,"Ocean Software, Acclaim Entertainment",Total Recall
512,Toy Story ,1995,Disney InteractiveSega Black Pearl Software ,Toy Story
513,Toy Story 2: Buzz Lightyear to the Rescue,1999,ActivisionDisney Interactive THQ ,Toy Story 2
514,Toy Story 3: The Video Game,2010,Disney Interactive Studios,Toy Story 3
515,Toy Story Racer,2001,Activision,Toy Story franchise
516,Toys ,1993,Absolute Entertainment,Toys
517,Transformers Autobots,2007,Activision,Transformers
518,Transformers Decepticons,2007,Activision,Transformers
519,Transformers Revenge of the Fallen: Autobots,2009,Activision,Transformers: Revenge of the Fallen
520,Transformers Revenge of the Fallen: Decepticons,2009,ActivisionDreamWorks PicturesParamount PicturesHasbro,Transformers: Revenge of the Fallen
521,Transformers: Dark of the Moon ,2011,Activision,Transformers: Dark of the Moon
522,Transformers: Revenge of the Fallen ,2009,Activision,Transformers: Revenge of the Fallen
523,Transformers: The Game,2007,Activision,Transformers
524,Treasure Planet: Battle at Procyon,2002,Disney Interactive,Treasure Planet
525,Tron ,1982,nan,Tron
526,Tron: Evolution,2010,Disney Interactive Studios,Tron: Legacy
527,Tron RUN/r,2016,Disney Interactive Studios,Tron franchise
528,True Lies ,1994,Acclaim Entertainment,True Lies
529,Tunnel Rats: 1968,2009,Boll AG,Tunnel Rats
530,Un Juego de Huevos,2010,Zeebo Inc.,Una Película de Huevos
531,Underworld: The Eternal War,2004,Play It!,Underworld
532,The Untouchables ,1989,Ocean Software,The Untouchables
533,Up ,2009,THQ,Up
534,Uuno Turhapuro muuttaa maalle ,1986,Amersoft,Uuno Turhapuro muuttaa maalle
535,Vampire Hunter D ,1999,Jaleco,Vampire Hunter D
536,Van Helsing ,2004,Vivendi Universal Games,Van Helsing
537,A View to a Kill ,1985,DomarkMindscape,A View to a Kill
538,Virus: It is Aware,1999,Cryo Interactive,Virus
539,WALL-E ,2008,THQ,WALL-E
540,Wallace & Gromit: The Curse of the Were-Rabbit ,2005,Konami,Wallace & Gromit: The Curse of the Were-Rabbit
541,Wanted: Weapons of Fate,2009,Warner Bros. Interactive Entertainment,Wanted
542,WarGames ,1984,nan,WarGames
543,WarGames: Defcon 1,1998,MGM Interactive EU: Electronic Arts,WarGames
544,Warlock ,1995,Acclaim Entertainment,Warlock film series
545,The Warriors ,2005,Rockstar Games,The Warriors
546,The Warriors: Street Brawl,2009,Paramount Digital Entertainment,The Warriors
547,Watchmen: The End Is Nigh,2009,Warner Bros. Interactive Entertainment,Watchmen
548,Waterworld ,1995,Ocean Software Interplay Productions ,Waterworld
549,Wayne's World ,1993,Toy Headquarters,Wayne's World
550,Where the Wild Things Are ,2009,Warner Bros. Interactive Entertainment,Where the Wild Things Are
551,White Men Can't Jump ,1995,Atari Corporation,White Men Can't Jump
552,Who Framed Roger Rabbit ,1988,Buena Vista Software,Who Framed Roger Rabbit
553,Who Framed Roger Rabbit ,1989,LJN,Who Framed Roger Rabbit
554,Who Framed Roger Rabbit ,1991,Capcom,Who Framed Roger Rabbit
555,Wild Wild West: The Steel Assassin,1999,SouthPeak Interactive,Wild Wild West
556,Willow ,1988,Mindscape,Willow
557,Willow ,1989,Capcom,Willow
558,Willow ,1989,Capcom,Willow
559,The Wizard of Oz ,1993,SETA Corporation,The Wizard of Oz
560,The World Is Not Enough ,2000,EA Games,The World Is Not Enough
561,The World Is Not Enough ,2000,EA Games,The World Is Not Enough
562,The World of Cars Online,2008,The Walt Disney Company,Cars film series
563,X2: Wolverine's Revenge,2003,ActivisionAspyr ,X2
564,X-Men: The Official Game,2003,"ActivisionCapcom U.S.A., Inc. (GBA re-release",X2 and X-Men: The Last Stand
565,X-Men Origins: Wolverine ,2009,Activision,X-Men Origins: Wolverine
566,Young Sherlock: The Legacy of Doyle,1987,Pack-In-Video,Young Sherlock Holmes
