,Name,Year,Developer,Publisher,Film
0,3 Ninjas Kick Back ,1994,Malibu Interactive,Sony Imagesoft,3 Ninjas Kick Back
1,007: Licence to Kill,1989,Quixel,Domark,Licence to Kill
2,007 Legends,2012,Eurocom,Activision,"Goldfinger, On Her Majesty's Secret Service, Moonraker, Licence to Kill, Die Another Day, Skyfall"
3,102 Dalmatians: Puppies to the Rescue,2000,Digital Eclipse  Toys for Bob,Eidos Interactive  Activision ,102 Dalmatians
4,300: March to Glory,2007,Collision Studios,Warner Bros. Games,300
5,A Sound of Thunder ,2004,Möbius Entertainment,BAM! Entertainment,A Sound of Thunder
6,A.D. 2044,1996,R.M.P. Software,LK Avalon,Sexmission
7,Action Man: Robot Atak,2004,Magic Pockets,Atari,Action Man: Robot Atak
8,Addams Family Values ,1995,Ocean Software,Ocean Software,Addams Family Values
9,The Addams Family ,1992,Ocean Software,Ocean Software,The Addams Family
10,Æon Flux ,2005,Terminal Reality,Majesco Entertainment,Æon Flux
11,Alex Rider: Stormbreaker,2006,Razorback Developments Altron ,THQ,Stormbreaker
12,Alexander ,2004,GSC Game World,Ubisoft,Alexander
13,Alice in Wonderland ,2000,Digital Eclipse SoftwareLeft Field Productions,Nintendo,Alice in Wonderland
14,Alice in Wonderland ,2010,Étranges Libellules,Disney Interactive Studios,Alice in Wonderland
15,Alice no Paint Adventure,1995,SAS Sakata,Epoch,Alice in Wonderland
16,Alien ,1982,Fox Video Games,Fox Video Games,Alien
17,Alien ,1984,Concept Software,Argus Press Software,Alien
18,Alien 3 ,1992,Probe SoftwareBits Studios  Spearsoft ,Acclaim EntertainmentVirgin Interactive Entertainment ,Alien 3
19,Alien 3: The Gun,1993,Sega,Sega,Alien 3
20,Alien Trilogy,1996,Probe Entertainment,Acclaim Entertainment,Alien film series
21,Aliens ,1990,Konami,Konami,Aliens
22,Aliens Online,1998,Mythic EntertainmentKesmai,GameStormKesmaiFox Interactive,Aliens
23,Aliens: Colonial Marines,2013,Gearbox Software,Sega,Alien film series
24,Aliens: Alien 2,1987,Square,Square,Aliens
25,Alien: Resurrection ,2000,Argonaut Games,Fox Interactive,Alien Resurrection
26,Aliens: Extermination,2006,Play Mechanix,Global VR,Aliens
27,Aliens: The Computer Game ,1986,Activision Mr. Micro Ltd.,Activision  Electric Dreams Software ,Aliens
28,Aliens: The Computer Game ,1987,Software Studios Mr. Micro,"Electric Dreams Software, Ricochet",Aliens
29,Aliens vs. Predator ,2010,Rebellion Developments,Sega,Alien vs. Predator (2004) and Aliens vs. Predator: Requiem (2007)
30,Aliens vs. Predator: Requiem ,2007,Rebellion Developments,Vivendi Games,Aliens vs. Predator: Requiem
31,All Dogs Go to Heaven ,1989,Polarware/Penguin Software,Merit Software,All Dogs Go to Heaven
32,Alvin and the Chipmunks ,2007,Sensory Sweep Studios,Brash Entertainment,Alvin and the Chipmunks
33,Alvin and the Chipmunks: The Squeakquel ,2009,ImaginEngine,Majesco Entertainment,Alvin and the Chipmunks: The Squeakquel
34,Alvin and the Chipmunks: Chipwrecked ,2011,Behaviour Interactive,NA: Majesco EntertainmentEU: 505 Games,Alvin and the Chipmunks: Chipwrecked
35,The Amazing Spider-Man ,2012,BeenoxOther Ocean Interactive Gameloft Mercenary Technology ,Activision,The Amazing Spider-Man
36,The Amazing Spider-Man 2 ,2014,BeenoxGameloft High Voltage Software ,Activision,The Amazing Spider-Man 2
37,An American Tail: The Computer Adventures of Fievel and His Friends,1992,Manley & Associates,Capstone Software,An American Tail and An American Tail: Fievel Goes West
38,An American Tail: Fievel Goes West ,1994,Shimada Kikaku Hudson Soft,Hudson Soft,An American Tail: Fievel Goes West
39,Anastasia: Adventures with Pooka and Bartok,1997,Motion Works,Fox Interactive,Anastasia
40,Angry Birds Rio,2011,Rovio Mobile,Rovio Mobile,Rio and Rio 2
41,The Ant Bully ,2006,Artificial Mind and Movement,Midway Games,The Ant Bully
42,Antz ,1999,Panet Interactive,Infogrames,Antz
43,Antz Extreme Racing,2002,Supersonic SoftwareMagic Pockets ,Empire Interactive,Antz
44,Antz Racing,2001,RFX Interactive,Light & Shadow ProductionClub Acclaim Electronic Arts ,Antz
45,Arachnophobia ,1991,BlueSky Software,Disney Software,Arachnophobia
46,Arctic Tale ,2007,Atomic Planet Entertainment,UK: Zoo Digital PublishingNA: DSI Games,Arctic Tale
47,Around the World in 80 Days ,2004,Pick Up & Play Saffire Corporation ,Thumbworks Hip Games ,Around the World in 80 Days
48,Arthur and the Invisibles ,2007,Etranges LibellulesNeko Entertainment Mistic Software ,Atari,Arthur and the Invisibles
50,Asterix at the Olympic Games ,2007,Étranges Libellules,Atari Europe,Asterix at the Olympic Games
51,Astro Boy: The Video Game,2009,"High Voltage SoftwareArt Co., Ltd ",D3 Publisher,Astro Boy
52,Atlantis The Lost Empire: Search for the Journal,2001,Zombie Studios,Disney Interactive,Atlantis: The Lost Empire
53,Atlantis The Lost Empire: Trial by Fire,2001,Zombie Inc.,Disney Interactive,Atlantis: The Lost Empire
54,Attack of the Killer Tomatoes ,1986,"Fatman, Dobbin, Stuart Ruecroft",Global Software,Attack of the Killer Tomatoes
55,James Cameron's Avatar: The Game,2009,Ubisoft Montreal,UbisoftLightstorm EntertainmentFox Digital EntertainmentGameloft ,Avatar
56,Back to the Future ,1985,Software Images ,Electric Dreams Software,Back to the Future
57,Back to the Future ,1989,Beam Software,LJN,Back to the Future
58,Back to the Future Part II & III,1990,Beam Software,Acclaim Entertainment,Back to the Future Part II and Back to the Future Part III
60,Back to the Future Part III ,1991,Probe Software,Image Works Arena Entertainment,Back to the Future Part III
61,Bad Boys: Miami Takedown,2004,Blitz Games,Empire InteractiveCrave Entertainment,Bad Boys II
62,Ballistic: Ecks vs. Sever ,2002,Crawfish Interactive,BAM! Entertainment,Ballistic: Ecks vs. Sever
63,Barnyard ,2006,Blue Tongue EntertainmentHalfbrick ,THQ,Barnyard
64,Batman ,1989,Ocean Software,Ocean Software,Batman
65,Batman ,1990,Data East,Atari Games,Batman
66,Batman ,1989,Sunsoft,JP: SunsoftNA: SunsoftEU: Sega,Batman
67,Batman & Robin ,1998,Probe Entertainment Tiger Electronics ,Acclaim Entertainment Tiger Electronics ,Batman & Robin
68,Batman Begins ,2005,Eurocom Vicarious Visions ,EA Games,Batman Begins
69,Batman Forever ,1995,Probe Entertainment,Acclaim Entertainment BR: Tectoy,Batman Forever
70,Batman Forever: The Arcade Game,1996,Probe EntertainmentIguana EntertainmentIguana Entertainment UK ,Acclaim Entertainment,Batman Forever
71,Batman Returns ,1992,"Denton Designs Spirit of Discovery Aspect Co., Ltd. Acme Interactive / Malibu Interactive Atari  Konami ",Sega of America Konami Atari ,Batman Returns
72,Batman: The Video Game,1989,Sunsoft,Sunsoft,Batman
73,Battleship ,2012,Double Helix Games Magic Pockets ,Activision,Battleship
74,Beauty and the Beast ,1994,Probe Software,Hudson Soft,Beauty and the Beast
75,Bebe's Kids ,1994,Radical Entertainment,Paramount Interactive,Bébé's Kids
76,Bee Movie Game,2007,Beenox Smart Bomb Interactive Vicarious Visions ,Activision,Bee Movie
77,Beetlejuice ,1991,Rare,Acclaim Entertainment,Beetlejuice
78,Beowulf: The Game,2007,"Ubisoft Shanghai, Tiwak, Virtuos ",Ubisoft,Beowulf
79,Beverly Hills Cop ,2006,Atomic Planet Entertainment,Blast Entertainment,Beverly Hills Cop film series
81,Big Trouble in Little China ,1986,"Mevlut Dinc, Focus ",Electric Dreams Software,Big Trouble in Little China
82,Bill & Ted's Excellent Adventure ,1989,Off The Wall Productions,Capstone,Bill & Ted's Excellent Adventure
83,Bill & Ted's Excellent Adventure ,1991,"Mevlut Dinc, Focus ",Electric Dreams Software,Bill & Ted's Excellent Adventure and Bill & Ted's Bogus Journey
84,The Black Cauldron ,1986,Sierra On-Line,Sierra On-Line,The Black Cauldron
85,Blade ,2000,HammerHead  HAL Laboratory and Avit Inc. ,ActivisionMarvel Comics,Blade
86,Blade II ,2002,Mucky Foot Productions,Activision,Blade II
87,Blade Runner ,1997,Westwood Studios,Virgin Interactive,Blade Runner
88,Blair Witch ,2000,Terminal Reality Human Head Studios Ritual Entertainment ,Gathering of Developers,Blair Witch media franchise
89,Blazing Lazers,1989,Compile,"Hudson Soft, NEC",Gunhed
91,Bolt ,2008,"Avalanche Software, Altron",Disney Interactive Studios,Bolt
92,Bram Stoker's Dracula ,1993,Probe Entertainment,Sony Imagesoft,Bram Stoker's Dracula
93,Bram Stoker's Dracula ,1993,Psygnosis Traveller's Tales Probe Software ,Sony ImagesoftPsygnosis ,Bram Stoker's Dracula
94,Brave ,2012,Behaviour Interactive,Disney Interactive Studios,Brave
95,A Bug's Life ,1998,Traveller's TalesTiertex Design Studios ,Sony Computer Entertainment Disney Interactive THQ Activision ,A Bug's Life
96,Captain America: Super Soldier,2011,Next Level GamesHigh Voltage Software Griptonite Games ,Sega,Captain America: The First Avenger
97,Cars ,2006,Locomotive Games Rainbow Studios Helixe Beenox Incinerator Studios ,THQ,Cars
98,Cars 2 ,2011,"Avalanche Software,Firebrand Games ,Virtual Toys  GameStar ",Disney Interactive StudiosSony Computer Entertainment ,Cars 2
99,Cars 3: Driven to Win,2017,Avalanche Software,Warner Bros. Interactive Entertainment,Cars 3
100,Casper ,1996,FuncomLogicware Bonsai Entertainment Imagineering G3 Interactive Planet Interactive  Morning Star Multimedia ,Interplay ProductionsNatsume Microïds  WizardWorks ,Casper
101,Catwoman ,2004,Argonaut GamesMagic Pockets ,Electronic Arts,Catwoman
102,Chaos Island: The Lost World,1997,DreamWorks Interactive,DreamWorks Interactive,The Lost World: Jurassic Park
103,Charlie and the Chocolate Factory ,2005,High Voltage SoftwareDigital Eclipse ,Global Star Software2K Games ,Charlie and the Chocolate Factory
104,Charlie's Angels ,2003,Neko Entertainment,Ubi Soft,Charlie's Angels and Charlie's Angels: Full Throttle
105,Charlotte's Web ,2006,"Backbone EntertainmentSega Atomic Planet Entertainment , The Code Monkeys ",SegaBlast! Entertainment Ltd. ,Charlotte's Web
106,The Cheetah Girls ,2006,Gorilla Systems,Buena Vista Games,The Cheetah Girls and The Cheetah Girls 2
107,The Cheetah Girls: Passport to Stardom,2008,Handheld Games,Disney Interactive Studios,The Cheetah Girls: One World
108,Chicken Little ,2005,Avalanche SoftwareArtificial Mind and Movement ,Buena Vista Games,Chicken Little
109,Chicken Run ,2000,Blitz Games,Eidos InteractiveTHQ Activision ,Chicken Run
111,Chō Jikū Yōsai Macross: Ai Oboete Imasu ka,1997,Scarab,Bandai,Macross: Do You Remember Love?
112,The Chronicles of Narnia: Prince Caspian ,2008,Traveller's Tales,Disney Interactive Studios,The Chronicles of Narnia: Prince Caspian
113,"The Chronicles of Narnia: The Lion, the Witch and the Wardrobe ",2005,Traveller's Tales,Buena Vista Games,"The Chronicles of Narnia: The Lion, the Witch and the Wardrobe"
114,The Chronicles of Narnia: The Voyage of the Dawn Treader ,2010,Fox Digital Entertainment,Gameloft,The Chronicles of Narnia: The Voyage of the Dawn Treader
115,The Chronicles of Riddick: Escape from Butcher Bay,2004,Starbreeze StudiosTigon Studios,Vivendi Universal Games,The Chronicles of Riddick
116,The City of Lost Children ,1997,Psygnosis,PsygnosisPlayStationNA/EU: PsygnosisJP: GameBank,The City of Lost Children
117,Clash of the Titans ,2010,Game RepublicHexadriveGlu Games ,BandaiWarner Bros. Interactive EntertainmentGlu Games ,Clash of the Titans
118,Cliffhanger ,1993,SpidersoftMalibu Interactive,Sony ImagesoftPsygnosis,Cliffhanger
119,Clive Barker's Nightbreed: The Interactive Movie,1990,Impact Software,Ocean Software,Nightbreed
120,Cloak & Dagger ,1984,Atari,Atari,Cloak & Dagger
121,Cloudy with a Chance of Meatballs ,2009,Ubisoft Shanghai,Ubisoft,Cloudy with a Chance of Meatballs
122,Cobra ,1987,Ocean Software,Ocean Software,Cobra
123,Computerized Coloring Books,1992,Capstone Software,IntraCorp,"FernGully: The Last Rainforest, Rock-a-Doodle, and Home Alone"
124,Congo The Movie: The Lost City of Zinj,1996,Jumpin Jack,Sega,Congo
125,Constantine ,2005,Bits Studios,SCi Games,Constantine
126,Cool World ,1992,Twilight,Ocean,Cool World
127,Cool World ,1993,Ocean,Ocean,Cool World
128,Cool World ,1993,Painting by Numbers,Ocean,Cool World
129,Coraline ,2009,"Papaya Studio Art Co., Ltd ",D3 PublisherVivendi Games,Coraline
130,The Crow: City of Angels ,1997,Gray Matter,Acclaim Entertainment,The Crow: City of Angels
131,Curious George ,2006,Monkey Bar GamesTorus Games,Namco,Curious George
132,Cutthroat Island ,1995,Software Creations,Acclaim Entertainment,Cutthroat Island
133,Cyberwar ,1994,Sales Curve Interactive,Interplay Productions,The Lawnmower Man
134,The Dark Crystal ,1983,Sierra On-Line,SierraVenture,The Dark Crystal
135,Batman: The Dark Knight ,,Pandemic Studios,Electronic Arts,The Dark Knight
136,Darkman ,1991,Ocean SoftwarePainting by Numbers ,Ocean Software,Darkman
137,Daredevil ,2003,Griptonite Games,Encore SoftwareTHQ,Daredevil
138,Days of Thunder ,1990,Beam Software Argonaut Software ,Mindscape Group,Days of Thunder
139,Days of Thunder ,2011,"Piranha Games ,Freeverse ","Paramount Digital Entertainment,505 Games ",Days of Thunder
140,Dead or Alive: Adventures,TBA,Team Ninja,Koei Tecmo,Dead or Alive: Adventures
141,Demolition Man ,1994,Acclaim EntertainmentAlexandria,Acclaim,Demolition Man
142,Demolition Man ,1994,"Virgin Interactive Entertainment Alexandria, Inc.",Virgin Interactive Entertainment,Demolition Man
143,Dennis the Menace ,1993,Ocean Software,Ocean Software,Dennis the Menace
145,Die Hard Arcade,1996,AM1Sega Technical Institute,Sega,First three films in the Die Hard film series
146,Die Hard ,1991,Pack-In-Video,Activision,Die Hard
147,Die Hard: Nakatomi Plaza,2002,Piranha Games,Sierra Entertainment,Die Hard
148,Die Hard Trilogy,1996,Probe Entertainment,Fox Interactive Electronic Arts Victor  Sega ,First three films in the Die Hard film series
149,DinoCity,1992,Irem,Irem,Adventures in Dinosaur City
150,Dirty Harry ,1990,Gray Matter Inc.,Mindscape,Dirty Harry film series
153,Disney's Aladdin ,1994,SIMS,Sega,Aladdin
154,Disney's Aladdin ,1993,Capcom,Capcom,Aladdin
155,Disney's Aladdin ,1993,Virgin Games USANMS Software Crawfish Interactive ,Virgin GamesSega Ubi Soft ,Aladdin
156,Disney's Beauty and the Beast ,1994,Probe Entertainment,Hudson Soft,Beauty and the Beast
157,Disney's Beauty and the Beast Magical Ballroom,2000,Creative Capers Entertainment,Disney Interactive Studios,Beauty and the Beast franchise
159,Disney's Brother Bear ,2003,KnowWonder Digital Mediaworks Vicarious Visions ,Disney Interactive,Brother Bear
160,Disney's Chicken Little: Ace in Action,2005,Avalanche Software,Buena Vista Games,Chicken Little
161,Disney's Herbie: Fully Loaded,2005,Climax Handheld Games,Buena Vista Games,Herbie: Fully Loaded
162,Disney's Lilo & Stitch ,2002,Digital Eclipse,Disney InteractiveUbisoft ,Lilo & Stitch
163,Disney's Pocahontas ,1996,Funcom Tiertex ,Mega Drive/GenesisNA: Disney InteractiveEU: SegaGame BoyTHQ ,Pocahontas
165,Disney's Stitch: Experiment 626,2002,High Voltage Software,Sony Computer Entertainment,Lilo & Stitch
166,Disney's Tarzan ,1999,EurocomDigital Eclipse ,Disney InteractiveActivision Sony Computer Entertainment JP: Konami,Tarzan
167,Don 2: The King is Back ,2013,Gameshastra,Excel Entertainment,Don 2
168,Double Dragon ,1995,Technōs Japan,"Technōs Japan, SNK",Double Dragon
169,Dr. Seuss: How the Grinch Stole Christmas!,2007,"Black Lantern Studios, Inc.",NA: DSI GamesEU: Zoo Digital Publishing,How the Grinch Stole Christmas
170,Dragon: The Bruce Lee Story ,1995,Virgin Interactive Entertainment,Virgin Interactive Entertainment  Acclaim Entertainment  Atari Corporation ,Dragon: The Bruce Lee Story
171,Dragonball Evolution ,2009,Dimps,Namco Bandai Games ,Dragonball Evolution
172,Driven ,2001,Crawfish Interactive,BAM! Entertainment,Driven
173,E.T. the Extra-Terrestrial ,1982,"Atari, Inc.","Atari, Inc.",E.T. the Extra-Terrestrial
174,Ecks vs. Sever,2001,Crawfish Interactive Zombie Studios ,Bam! Entertainment Franchise Interactive,Ballistic: Ecks vs. Sever
175,The Emperor's New Groove ,2000,Argonaut Games Sandbox Studios ,Sony Computer Entertainment Disney Interactive Ubi Soft ,The Emperor's New Groove
176,Enchanted ,2007,Altron,Disney Interactive,Enchanted
177,Eragon ,2006,"Stormfront Studios, Amaze Entertainment",Vivendi Games,Eragon
178,The Evil Dead ,1984,Palace Virgin Gold,Palace Software,The Evil Dead
179,Fantasia ,1991,Infogrames,Sega,Fantasia
180,Fantasia: Music Evolved,2014,Harmonix,Disney Interactive,Fantasia and Fantasia 2000
181,Fantastic Four ,2005,7 Studios,Activision,Fantastic Four
182,Fantastic Four: Rise of the Silver Surfer ,2007,"7 Studios , Visual Concepts ",2K Games,Fantastic Four: Rise of the Silver Surfer
183,The Fifth Element ,1998,Kalisto Entertainment,JP: Hudson SoftNA: ActivisionEU: Sony Computer EntertainmentEU: Ubi Soft ,The Fifth Element
184,Fight Club ,2004,Genuine GamesSuperscape ,Vivendi Universal Games,Fight Club
185,Finding Nemo ,2003,KnowWonder Vicarious Visions Traveller's Tales ,THQ,Finding Nemo
187,The Flintstones ,1994,Ocean Software  Twilight  Foley Hi-Tech ,Ocean Software,The Flintstones
188,Flushed Away ,2006,"Monkey Bar Games Art Co., Ltd Altron ",D3 Publisher,Flushed Away
189,Friday the 13th ,1985,Domark,Domark,Friday the 13th franchise
190,Friday the 13th ,1989,Atlus,LJN,Friday the 13th franchise
191,Friday the 13th: The Game,2017,IllFonic,Gun Media,Friday the 13th franchise
192,From Dusk Till Dawn ,2001,GameSquad,Cryo Interactive,From Dusk till Dawn
193,Frozen: Olaf's Quest,2013,1st Playable Productions,GameMill Entertainment,Frozen
194,G-Force ,2009,Eurocom Keen Games ,Disney Interactive Studios,G-Force
195,G.I. Joe: The Rise of Cobra ,2009,Double Helix Games Backbone Entertainment ,Electronic Arts,G.I. Joe: The Rise of Cobra
197,Ghost Rider,2007,Climax Action,2K Games,Ghost Rider
198,Ghostbusters ,1984,Activision,Activision,Ghostbusters (1984)
199,Ghostbusters ,2016,FireForge Games,Activision,Ghostbusters (2016)
200,Ghostbusters II ,1990,Imagineering,Activision,Ghostbusters II
201,Ghostbusters: The Video Game,2009,Terminal Reality Red Fly Studio Zen Studios ,AtariSony Computer Entertainment Europe ,Ghostbusters franchise
202,The Godfather ,1991,U.S. Gold,U.S. Gold,The Godfather film series
203,The Godfather ,2006,EA Redwood Shores,Electronic Arts,The Godfather
204,The Godfather II ,2009,EA Redwood Shores,Electronic Arts,The Godfather Part II
205,The Golden Compass ,2007,Shiny EntertainmentArtificial Mind and Movement ,Sega,The Golden Compass
206,GoldenEye 007 ,1997,Rare,Nintendo,GoldenEye
207,GoldenEye 007 ,2010,Eurocomn-Space ,Activision,GoldenEye
208,GoldenEye: Source,2010,Team GoldenEye: Source,Team GoldenEye: Source,GoldenEye
209,The Goonies ,1986,Konami,Konami,The Goonies
210,The Goonies ,1986,Konami,Konami,The Goonies
211,Gotcha! The Sport!,1987,Atlus,LJN,Gotcha!
212,The Great Escape ,2003,Pivotal Games,SCi Games  Gotham Games ,The Great Escape
213,Green Lantern: Rise of the Manhunters,2011,Double Helix GamesGriptonite GamesOther Ocean Group,Warner Bros. Interactive Entertainment,Green Lantern
214,Gremlins ,1984,Atari,Atari,Gremlins
215,Gremlins 2: The New Batch ,1990,"Sunsoft, Riedel Software Productions, Motivetime, Topo Soft","Sunsoft, Hi-Tech Expressions, Elite Systems, Topo Soft",Gremlins 2: The New Batch
216,The Grinch ,2000,Artificial Mind & Movement Konami Computer Entertainment Nagoya Konami ,Konami,How the Grinch Stole Christmas
218,Happy Feet ,2006,Artificial Mind and Movement,Midway Games,Happy Feet
219,Harry Potter and the Philosopher's Stone ,2001,Griptonite Games ,EA Games,Harry Potter and the Philosopher's Stone
220,Harry Potter and the Chamber of Secrets ,2002,Eurocom  Griptonite Games  KnowWonder  Argonaut Games  Aspyr ,EA Games,Harry Potter and the Chamber of Secrets
221,Harry Potter and the Prisoner of Azkaban ,2004,Griptonite Games  KnowWonder  EA UK ,EA Games,Harry Potter and the Prisoner of Azkaban
222,Harry Potter and the Goblet of Fire ,2005,EA UK Magic Pockets ,Electronic Arts,Harry Potter and the Goblet of Fire
223,Harry Potter and the Order of the Phoenix ,2007,EA UK,Electronic Arts,Harry Potter and the Order of the Phoenix
224,Harry Potter and the Half-Blood Prince ,2009,EA Bright Light,Electronic Arts,Harry Potter and the Half-Blood Prince
225,Harry Potter and the Deathly Hallows – Part 1 ,2010,EA Bright Light,Electronic Arts,Harry Potter and the Deathly Hallows – Part 1
226,Harry Potter and the Deathly Hallows – Part 2 ,2011,EA Bright Light,Electronic Arts,Harry Potter and the Deathly Hallows – Part 2
227,Disney's Hercules ,1997,Eurocom Tiertex Design Studios ,Virgin Interactive Sony Computer Entertainment Europe  Disney Interactive THQ ,Hercules
228,High School Musical: Makin' the Cut!,2007,A2M,Disney Interactive Studios,High School Musical
229,High School Musical 2: Work This Out!,2008,Artificial Mind and Movement,Disney Interactive Studios,High School Musical 2
230,High School Musical 3: Senior Year ,2008,Griptonite Games,Disney Interactive Studios,High School Musical 3: Senior Year
231,Highlander ,1986,Canvas ,Ocean Software Ltd,Highlander
232,Home Alone ,1991,Bethesda Softworks Sega of America  Imagineering Inc. Probe Entertainment Manley & Associates ,Toy HeadquartersAltron Sega Capstone Software ,Home Alone
233,Home Alone 2 ,1992,ImagineeringSega  Manley & Associates ,Toy HeadquartersSegaCapstone Software,Home Alone 2: Lost in New York
235,How to Train Your Dragon ,2010,Etranges LibellulesGriptonite Games,Activision,How to Train Your Dragon
236,Howard the Duck ,1986,Alternative Software,Activision,Howard the Duck
237,Hudson Hawk ,1991,Special FX Ltd.,Ocean Software,Hudson Hawk
238,Hulk ,2003,Radical Entertainment,Universal Interactive,Hulk
240,The Hunt for Red October ,1990,Images Software Ltd.,Grandslam Interactive Ltd.,The Hunt for Red October
241,The Hunt for Red October ,1991,Beam Software,"Hi-Tech Expressions, Inc.",The Hunt for Red October
242,Ice Age ,2002,Artificial Mind and Movement,Ubi Soft,Ice Age
243,Ice Age 2: The Meltdown ,2006,Eurocom Amaze Entertainment ,Vivendi Universal Games,Ice Age: The Meltdown
244,Ice Age: Dawn of the Dinosaurs ,2009,Eurocom,Activision,Ice Age: Dawn of the Dinosaurs
245,Ice Nine ,2005,Torus Games,BAM! Entertainment,The Recruit
246,The Incredible Hulk ,2008,Edge of Reality Amaze Entertainment ,Sega,The Incredible Hulk
247,The Incredibles ,2004,Heavy Iron StudiosHelixe Lavastorm Analytics Superscape ,THQDisney Mobile Studios ,The Incredibles
248,Independence Day ,1997,Radical Entertainment,Fox Interactive,Independence Day
249,Indiana Jones and the Last Crusade ,1991,Software Creations,Taito Corporation,Indiana Jones and the Last Crusade
250,Indiana Jones and the Last Crusade: The Action Game,1989,Tiertex Design Studios,U.S. Gold,Indiana Jones and the Last Crusade
251,Indiana Jones and the Last Crusade: The Graphic Adventure,1989,Lucasfilm Games,Lucasfilm Games,Indiana Jones and the Last Crusade
252,Indiana Jones and the Temple of Doom ,1985,Atari Games,Atari Games,Indiana Jones and the Temple of Doom
253,Indiana Jones and the Temple of Doom ,1988,Atari Games,MindscapeTengen,Indiana Jones and the Temple of Doom
254,Indiana Jones' Greatest Adventures,1994,"Factor 5, LucasArts","JVC, LucasArts","Raiders of the Lost Ark, Indiana Jones and the Temple of Doom, and Indiana Jones and the Last Crusade"
255,Iron Man ,2008,Secret Level  Artificial Mind and Movement ,Sega,Iron Man
256,Iron Man 2 ,2010,Sega Studios San Francisco High Voltage Software ,SegaGameloft ,Iron Man 2
257,Iron Man 3: The Official Game,2013,Gameloft,Gameloft,Iron Man 3
258,Iron Sky: Invasion,2012,Reality Pump,TopWare Interactive,Iron Sky
259,The Italian Job ,2001,Pixelogic,PlayStationEU: Sales Curve InteractiveNA: Rockstar GamesWindowsEU: SCi GamesNA: Global Star Software,The Italian Job (1969)
260,The Italian Job ,2003,Climax Brighton,Eidos Interactive,The Italian Job (2003)
261,James Bond 007 ,1983,Parker Brothers,Parker Brothers,"Diamonds are Forever, The Spy Who Loved Me, Moonraker, and For Your Eyes Only"
262,James Bond 007: From Russia with Love,2005,EA Redwood ShoresRebellion Developments ,Electronic Arts,From Russia with Love
263,James Bond 007: Goldfinger,1986,Angelsoft,Mindscape,James Bond film series
264,Jaws ,1987,"Atlus, Westone Bit Entertainment ",LJN,Jaws: The Revenge
265,Journey to the Center of the Earth ,2008,Human Soft,THQ,Journey to the Center of the Earth
266,Judge Dredd ,1995,Probe Software,Acclaim Entertainment,Judge Dredd
267,Jumper: Griffin's Story ,2008,"Redtribe , Collision Studios ",Brash Entertainment,Jumper
268,The Jungle Book ,1994,EurocomVirgin Games USA,Virgin Interactive EntertainmentNintendo Australia,The Jungle Book
269,Jurassic Park ,1994,Sega-AM3,Sega,Jurassic Park
270,Jurassic Park ,1993,Ocean Software,Ocean Software,Jurassic Park
271,Jurassic Park ,1993,Sega-AM3,Sega,Jurassic Park
272,Jurassic Park ,1994,Sega Multimedia Studio,Sega of America,Jurassic Park
273,Jurassic Park ,1993,BlueSky Software,Sega,Jurassic Park
274,Jurassic Park ,1993,Ocean Software,NA: Ocean SoftwareEU: Ocean SoftwareJP: Jaleco,Jurassic Park
275,Jurassic Park: The Game,1993,Telltale Games,Telltale Games,Jurassic Park
276,Jurassic Park III ,2001,Konami,Konami,Jurassic Park III
277,Jurassic Park III: Danger Zone!,2001,Knowledge Adventure,Knowledge Adventure,Jurassic Park III
278,Jurassic Park III: Dino Defender,2001,Knowledge Adventure,Knowledge Adventure,Jurassic Park III
279,Jurassic Park III: Island Attack,2001,Mobile21,Konami,Jurassic Park III
280,Jurassic Park III: Park Builder,2001,Konami,Konami,Jurassic Park III
281,Jurassic Park III: The DNA Factor,2001,Konami Computer Entertainment Hawaii,Konami,Jurassic Park III
282,Jurassic Park Interactive,1994,Studio 3DO,Universal Interactive Studios,Jurassic Park
283,The Karate Kid ,1987,Atlus,LJN,The Karate Kid and The Karate Kid Part II
284,King Arthur ,2004,Krome StudiosLavastorm Analytics ,KonamiWalt Disney Internet Group ,King Arthur
285,Peter Jackson's King Kong,2005,Ubisoft Pictures,Ubisoft,King Kong
286,Kirikou ,2001,Étranges Libellules Planet Interactive Krysalide ,Wanadoo,Kirikou and the Sorceress
287,Kick-Ass: The Game,2010,Frozen Codebase,Frozen Codebase WHA Entertainment ,Kick-Ass
288,Kick-Ass 2: The Game,2014,Freedom Factory Studios,UIG Entertainment,Kick-Ass 2
289,Krull ,1983,"Atari, Inc.","Atari, Inc.",Krull
290,Kung Fu Panda ,2008,Luxoflux Beenox XPEC Entertainment Vicarious Visions ,Activision,Kung Fu Panda
291,Kung Fu Panda 2 ,2011,Griptonite Games,THQ,Kung Fu Panda 2
293,Kung Fu Panda: Legendary Warriors,2008,Artificial Mind and Movement,Activision,Kung Fu Panda franchise
294,Kung Fu Panda: Showdown of Legendary Legends,2015,Vicious Cycle Software,Little Orbit,Kung Fu Panda franchise
295,Kung-Fu Master ,1984,Irem  Nintendo ,Irem  Data East Nintendo ,Wheels on Meals
296,Labyrinth: The Computer Game,1986,Lucasfilm Games,Activision,Labyrinth
298,Land of the Dead: Road to Fiddler's Green,2005,Brainbox Games,Groove Games,Land of the Dead
300,The Last Airbender ,2010,THQ Studio Australia Halfbrick Studios ,THQ,The Last Airbender
301,The Lawnmower Man ,1992,The Sales Curve,"SNESNA: THQEU: StormJP: Coconuts Japan Sega Genesis, Sega CDNA: Time Warner InteractiveEU: Time Warner Interactive",The Lawnmower Man
302,Legend of the Guardians: The Owls of Ga'Hoole ,2010,Krome StudiosTantalus Media ,Warner Bros. Interactive Entertainment,Legend of the Guardians: The Owls of Ga'Hoole
303,Lego The Hobbit ,2014,Traveller's TalesTT Fusion ,Warner Bros. Interactive EntertainmentFeral Interactive ,An Unexpected Journey and The Desolation of Smaug
304,Lego Jurassic World,2015,TT Fusion,Warner Bros. Interactive EntertainmentFeral Interactive ,Jurassic World
305,Lego Marvel's Avengers,2016,Traveller's TalesTT Fusion ,Warner Bros. Interactive EntertainmentFeral Interactive ,several Marvel Cinematic Universe films
306,The Lego Movie Videogame,2014,TT Fusion,Warner Bros. Interactive EntertainmentFeral Interactive ,The Lego Movie
307,The Lego Ninjago Movie Video Game,2017,TT Fusion,Warner Bros. Interactive Entertainment,The Lego Ninjago Movie
308,Lego The Lord of the Rings ,2013,Traveller's TalesTT Fusion ,Warner Bros. Interactive EntertainmentFeral Interactive ,The Lord of the Rings film trilogy
309,Lemony Snicket's A Series of Unfortunate Events ,2004,Adrenium Games  KnowWonder  JAMDAT ,Activision,Lemony Snicket's A Series of Unfortunate Events
310,Lethal Weapon ,1992,Ocean Software Eurocom ,Ocean Software,Lethal Weapon
311,Lilo & Stitch: Trouble in Paradise,2002,Blitz Games,Sony Computer Entertainment  Disney Interactive ,Lilo & Stitch
312,The Lion King ,1992,Westwood Studios,Virgin Interactive Entertainment,The Lion King
313,The Lion King 1½ ,2003,Vicarious Visions,Disney Interactive,The Lion King 1½
314,The Lion King: Simba's Mighty Adventure,2000,Paradox Development  Torus Games ,Activision,The Lion King
315,The Little Mermaid ,1991,Capcom,Capcom,The Little Mermaid
316,Little Nicky ,2000,Digital Eclipse,Ubi Soft,Little Nicky
317,Live and Let Die ,1988,Elite Systems International,Domark,Live and Let Die
318,The Living Daylights ,1987,"Melbourne House, Sculptured Software",Domark,The Living Daylights
319,Looney Tunes: Back in Action ,2003,Warthog Games,Electronic Arts,Looney Tunes: Back in Action
320,The Lord of the Rings: Aragorn's Quest,2010,Headstrong Games,Warner Bros. Interactive Entertainment,Lord of the Rings film trilogy
321,The Lord of the Rings: The Return of the King ,2003,EA Redwood Shores,EA Games,The Lord of the Rings: The Return of the King
322,The Lord of the Rings: The Third Age ,2004,Griptonite Games,Electronic Arts,Lord of the Rings film trilogy
323,The Lord of the Rings: The Third Age,2004,EA Redwood Shores,EA Games,Lord of the Rings film trilogy
324,The Lord of the Rings: The Two Towers ,2002,Stormfront Studios,EA Games,The Lord of the Rings: The Fellowship of the Ring and The Lord of the Rings: The Two Towers
325,The Lord of the Rings: War in the North,2011,Snowblind Studios,Warner Bros. Interactive EntertainmentFeral Interactive ,Lord of the Rings film trilogy
326,The Lost World: Jurassic Park ,1997,Sega AM3,Sega,The Lost World: Jurassic Park
327,The Lost World: Jurassic Park ,1997,Aspect Tiger Torus ,Sega Tiger THQ ,The Lost World: Jurassic Park
328,The Lost World: Jurassic Park ,1997,DreamWorks Interactive Appaloosa Interactive ,Electronic Arts Sega ,The Lost World: Jurassic Park
329,The Lost World: Jurassic Park ,1997,Appaloosa Interactive,Sega,The Lost World: Jurassic Park
330,Mad Max ,1990,Mindscape,Mindscape,Mad Max 2
331,Mad Max ,2015,Avalanche Studios,Warner Bros. Interactive Entertainment,Mad Max franchise
332,Madagascar ,2005,Toys for BobVicarious Visions ,Activision,Madagascar
333,Madagascar Kartz,2009,Sidhe InteractiveVirtuos ,Activision,Madagascar
334,Madagascar: Escape 2 Africa ,2008,Toys for BobGriptonite Games  Aspyr Media  Idol Minds ,Activision,Madagascar: Escape 2 Africa
335,Madagascar: Operation Penguin,2005,Vicarious Visions,Activision,Madagascar
336,Manos: The Hands of Fate ,2012,FreakZone,FreakZone,Manos: The Hands of Fate
337,The Mask ,1995,Black Pearl Software,NA: Black Pearl SoftwareEU: Black Pearl SoftwareJP: Virgin Interactive Entertainment,The Mask
338,Masters of the Universe: The Movie,1987,Gremlin Graphics,Gremlin Graphics,Masters of the Universe
339,Meet the Robinsons ,2007,Climax Group Avalanche Software Buena Vista Games ,Disney Interactive Studios,Meet the Robinsons
340,Megamind ,2010,THQ Studio Australia Tantalus Media ,THQ,Megamind
341,Men in Black II: Alien Escape,2002,Infogrames Melbourne House,Infogrames,Men in Black II
342,Men in Black: The Game,1997,Gigawatt Studios,SouthPeak Interactive Gremlin Interactive ,Men in Black
343,Miami Vice: The Game,2006,Rebellion Developments,Vivendi Universal Games,Miami Vice
344,MIB: Alien Crisis,2012,Fun Labs,Activision,Men in Black 3
346,"Monsters, Inc. ",2001,Vicarious Visions Natsume Kodiak Interactive ,THQ Sony Computer Entertainment ,"Monsters, Inc."
348,Minority Report: Everybody Runs,2002,TreyarchTorus Games ,Activision,Minority Report
349,Mission: Impossible ,1998,Infogrames,Ocean Software Nintendo 64NA: Ocean SoftwareEU: InfogramesPlayStationNA / EU: Infogrames,Mission: Impossible
350,Monster House ,2006,Artificial Mind and Movement,THQ,Monster House
351,Monsters vs. Aliens ,2009,BeenoxAmaze Entertainment ,Activision,Monsters vs. Aliens
352,Monty Python & the Quest for the Holy Grail,1996,7th Level,"7th Level, Panasonic Interactive Media",Monty Python and the Holy Grail
353,Monty Python's Cow Tossing,2011,Luma Arcade,Zed Group,Monty Python and the Holy Grail
354,Monty Python's The Meaning of Life ,1997,7th Level,"7th Level, Panasonic Interactive Media",Monty Python's The Meaning of Life
355,The Mummy Demastered,2017,WayForward Technologies,WayForward Technologies,The Mummy (2017)
356,The Mummy: Tomb of the Dragon Emperor ,2008,Eurocom A2M ,Vivendi Games,The Mummy: Tomb of the Dragon Emperor
358,The Muppets Movie Adventures,2014,Virtual Toys,Sony Computer Entertainment,The Muppets and Muppets Most Wanted
359,Nacho Libre ,2006,Majesco Entertainment,Nick Games,Nacho Libre
360,Napoleon Dynamite: The Game,2007,7 Studios,Crave Entertainment,Napoleon Dynamite
361,New York Race,2001,Kalisto Entertainment,Wanadoo Edition,The Fifth Element
362,Night at the Museum: Battle of the Smithsonian ,2009,Amaze Entertainment Pipeworks Software  The Fizz Factor ,Majesco Entertainment,Night at the Museum: Battle of the Smithsonian
363,A Nightmare on Elm Street ,1990,Rare,LJN,Nightmare on Elm Street franchise
364,No Escape ,1994,Bits Corporation,Sony Imagesoft,No Escape
365,Open Season ,2006,Ubisoft MontrealUbisoft Quebec,Ubisoft,Open Season
366,Over the Hedge ,2006,Vicarious Visions,Activision,Over the Hedge
367,Over the Hedge ,2006,Edge Of Reality Vicarious Visions Beenox ,Activision,Over the Hedge
368,Over the Hedge: Hammy Goes Nuts!,2006,Vicarious Visions Amaze Entertainment ,Activision,Over the Hedge
369,Pacific Rim ,2013,Yuke's,Yuke's,Pacific Rim
370,The Pagemaster ,1994,Probe Software Ltd. Mammoth Micro Productions ,Fox Interactive Turner Interactive ,The Pagemaster
371,Pandorum ,2009,"Artificial Life, Inc.","Artificial Life, Inc.",Pandorum
372,Phantom Fighter,1988,Marionette,JP: Pony CanyonNA: FCI,Mr. Vampire
373,Phineas and Ferb: Across the 2nd Dimension ,2011,High Impact Games ,Disney Interactive StudiosSony Computer Entertainment  ,Phineas and Ferb the Movie: Across the 2nd Dimension
374,Piglet's Big Game,2003,Doki Denki Studio,Gotham Games  Disney Interactive  THQ ,Piglet's Big Movie
375,Pinocchio ,1996,Virgin Interactive Entertainment  NMS Software ,"SNES: Nintendo, Capcom   Mega Drive/Genesis NA: THQ PAL: Disney Interactive Game Boy: Black Pearl Software",Pinocchio
376,Pirates of the Caribbean: At World's End ,2007,Eurocom,Disney Interactive Studios,Pirates of the Caribbean: Dead Man's Chest and Pirates of the Caribbean: At World's End
377,Pirates of the Caribbean: Dead Man's Chest ,2006,Griptonite GamesAmaze Entertainment,Buena Vista Games,Pirates of the Caribbean: Dead Man's Chest
378,Pirates of the Caribbean: The Curse of the Black Pearl ,2003,Pocket Studios,"Disney Interactive, TDK Mediactive",Pirates of the Caribbean: The Curse of the Black Pearl
379,Plan 9 from Outer Space ,1992,Gremlin Graphics,Gremlin Graphics /Konami ,Plan 9 from Outer Space
380,Planet of the Apes ,2001,Visiware  Torus Games ,Ubisoft,Planet of the Apes
381,Planet of the Apes: Last Frontier,2017,The Imaginati Studios,FOXNEXT GamesThe ImaginariumCreative England,Planet of the Apes franchise
382,Platoon ,1987,Ocean Software,"Data East, Sunsoft ",Platoon
383,Platoon ,2002,Digital Reality,Monte CristoStrategy First,Platoon
384,The Polar Express ,2004,Blue Tongue Entertainment,THQ,The Polar Express
386,Predator ,1987,Software Studios System 3 Pack-In-Video  Klon  Source GlenHills Graphics,Activision Superior Software The Hit Squad Pack-In-Video,Predator
387,Predator 2 ,1990,Oxford Mobius Arc Developments,Image Works Konami Mirrorsoft,Predator 2
388,Predator 2 ,1992,Teeny Weeny Games Krisalis Software Acclaim Grey Team Perfect 10 Productions,Acclaim Entertainment,Predator 2
389,The Punisher ,2005,Volition Amplified Games ,THQ,The Punisher
390,Puss in Boots ,2011,Blitz GamesImaginEngine ,THQ,Puss in Boots
391,007: Quantum of Solace,2008,TreyarchVicarious Visions Eurocom ,Activision,Casino Royale and Quantum of Solace
392,Quest for Camelot ,1998,Titus Interactive,Titus InteractiveNintendo,Quest for Camelot
393,R.I.P.D. The Game,2013,Saber Interactive,Atlus USA,R.I.P.D.
394,Raiders of the Lost Ark ,1982,"Atari, Inc.","Atari, Inc.",Raiders of the Lost Ark
395,Rambo ,1985,Platinum Productions,Ocean Software,Rambo: First Blood Part II
396,Rambo: First Blood Part II ,1986,Sega,Sega,Rambo: First Blood Part II
397,Rambo ,1987,Pack-In-Video,Acclaim,Rambo: First Blood Part II
398,Rambo III ,1988,"Ocean Software, Sega, Taito","Ocean/Taito, Sega",Rambo III
399,Rango ,2011,Behaviour Interactive,Electronic ArtsParamount Digital Entertainment,Rango
400,Ratatouille ,2007,Asobo Studio Heavy Iron Studios Helixe Locomotive Games Universomo ,THQ,Ratatouille
401,Ratatouille: Food Frenzy,2007,Helixe,THQ,Ratatouille
402,Ratchet & Clank ,2016,Insomniac Games,Sony Computer Entertainment,Ratchet & Clank
403,Reign of Fire ,2002,Kuju EntertainmentCrawfish Interactive ,BAM! Entertainment,Reign of Fire
404,Reservoir Dogs ,2006,Volatile Games,Eidos Interactive,Reservoir Dogs
405,Return of the Jedi: Death Star Battle,1983,Parker Brothers,Parker BrothersSinclair Research,Return of the Jedi
406,Rise of the Guardians: The Video Game,2012,Torus Games,D3 Publisher,Rise of the Guardians
408,Robin Hood: Prince of Thieves ,1991,"Sculptured Software, Bits Studios",Virgin Games,Robin Hood: Prince of Thieves
409,RoboCop ,1988,Data East Ocean Software Quicksilver Software AGC Sakata SAS Tandy Corporation ,Data East Corporation Data East Ocean Software Erbe Software Tandy Corporation Game BoyNA/EU: Ocean SoftwareJP: Epic/Sony Records,RoboCop
410,RoboCop 2 ,1990,Special FX Ocean Software ,Ocean Software ,RoboCop 2
413,RoboCop ,2003,Titus Interactive Studio,Titus Software Corporation,RoboCop
415,RoboCop ,2014,Glu Mobile,Glu Mobile,RoboCop (2014)
416,Robots ,2005,Eurocom Griptonite Games ,Vivendi Universal Games,Robots
417,The Rocketeer ,1991,Ironwind Software,Bandai,The Rocketeer
418,Rocky Balboa ,2007,Ubisoft Montreal,Ubisoft,Rocky Balboa
419,Rocky Super Action Boxing,1983,Coleco,Coleco,Rocky III
420,The Room ,2010,Newgrounds,Newgrounds,The Room
421,Rudolph the Red-Nosed Reindeer ,2010,High Voltage SoftwareDreamWorks Classics Glyphic Entertainment,Red Wagon Games,Rudolph the Red-Nosed Reindeer
422,Rugrats in Paris: The Movie ,2000,Avalanche Software Software Creations KnowWonder ,THQ Mattel Interactive ,Rugrats in Paris: The Movie
423,The Rugrats Movie ,1998,Software Creations,THQ,The Rugrats Movie
424,Saw ,2009,Zombie Studios,Konami,Saw film franchise
425,Saw II: Flesh & Blood,2010,Zombie Studios,Konami,Saw film franchise
426,Scan Command: Jurassic Park,2001,Knowledge Adventure,Knowledge Adventure,Jurassic Park III
428,Scarface: Money. Power. Respect.,2006,FarSight Studios,Vivendi Games,Scarface
429,Scarface: The World Is Yours,2006,Radical Entertainment,Vivendi Games,Scarface
430,The Scorpion King: Sword of Osiris,2002,WayForward Technologies,Universal Interactive,The Scorpion King
431,The Scorpion King: Rise of the Akkadian,2002,"Point of View, Inc.",Universal Interactive,The Scorpion King
432,Scott Pilgrim vs. the World: The Game,2010,Ubisoft Montreal  Ubisoft Chengdu Ubisoft Pune Production Studio ,Ubisoft,Scott Pilgrim vs. the World
433,Seven Samurai 20XX,2004,Dimps Polygon Magic,Sammy,Seven Samurai'
434,The Shadow ,1994,Ocean Software,Ocean Software,The Shadow
435,Shark Tale ,2004,Edge of Reality KnowWonder Vicarious Visions ,ActivisionTaito Corporation ,Shark Tale
436,Sharknado: The Video Game,2014,Other Ocean Interactive,Majesco Entertainment,Sharknado 2: The Second One
438,Shrek ,2001,Digital Illusions CE,TDK Mediactive,Shrek
439,Shrek 2 ,2004,Luxoflux KnowWonder Beenox Aspyr Vicarious Visions Skyworks Interactive ,Activision,Shrek 2
440,Shrek Forever After ,2010,"PC, PS3, X360, WiiXPEC EntertainmentNintendo DSGriptoniteiOSGameloft",Activision,Shrek Forever After
441,Shrek the Third ,2007,"7 Studios, Shaba Games Amaze Entertainment Vicarious Visions Gameloft ",Activision,Shrek the Third
442,The Sky Crawlers: Innocent Aces,2008,Project AcesAccess Games,JP: Namco BandaiNA: Xseed GamesEU: Namco Bandai,The Sky Crawlers
443,Small Soldiers ,1998,DreamWorks InteractiveTiertex Design Studios ,Electronic ArtsTHQ ,Small Soldiers
444,The Smurfs ,2011,Magic Pockets,Ubisoft,The Smurfs
445,Space Chimps ,2008,Redtribe Wicked Witch Software WayForward Technologies ,Brash Entertainment,Space Chimps
446,Space Jam ,1996,Sculptured Software,Acclaim Entertainment,Space Jam
447,Speed Racer: The Videogame,2008,Sidhe InteractiveVirtuos Glu Mobile ,Warner Bros. Games,Speed Racer
448,Spider-Man ,2002,TreyarchDigital Eclipse ,Activision,Spider-Man
449,Spider-Man 2 ,2004,Treyarch Digital Eclipse The Fizz Factor Aspyr Vicarious Visions ,Activision,Spider-Man 2
450,Spider-Man 3 ,2007,TreyarchVicarious Visions ,Activision,Spider-Man 3
451,The Spiderwick Chronicles ,2008,Stormfront Studios,Vivendi Games,The Spiderwick Chronicles
452,SpongeBob HeroPants,2015,Behaviour Interactive,Activision,The SpongeBob Movie: Sponge Out of Water
453,The SpongeBob SquarePants Movie ,2004,Heavy Iron StudiosAWE GamesWayForward Technologies Aspyr ,THQ,The SpongeBob SquarePants Movie
454,The Spy Who Loved Me ,1990,The Kremlin,Domark,The Spy Who Loved Me
455,Star Trek Generations: Beyond the Nexus,1994,Absolute Entertainment,Absolute Entertainment,Star Trek Generations
456,Star Trek DAC,2009,"Naked Sky Entertainment, Bad Robot Interactive",Paramount Digital Entertainment,Star Trek (2009)
457,Star Trek Generations ,1997,MicroProse,MicroProse,Star Trek Generations
458,Star Trek: Hidden Evil,1999,Presto Studios,NA: ActivisionEU: Empire Interactive,Star Trek: Insurrection
459,Star Trek: Phaser Strike,1979,Milton Bradley,Milton Bradley,Star Trek: The Motion Picture
460,Star Wars ,1983,"Atari, Inc.","Atari, Inc.",Star Wars (1977)
461,Star Wars ,1987,Namco,Namco,Star Wars (1977)
462,Star Wars ,1991,Beam Software,JP: Victor Interactive,Star Wars (1977)
463,Star Wars: The Empire Strikes Back ,1982,Parker Brothers,Parker Brothers,The Empire Strikes Back
464,Star Wars: The Empire Strikes Back ,1985,Atari Games,Atari Games,The Empire Strikes Back
465,Star Wars: The Empire Strikes Back ,1992,Lucasfilm GamesSculptured Software,JVC,The Empire Strikes Back
466,Star Wars: Episode I – The Phantom Menace ,1999,Big Ape Productions,LucasArts,Star Wars: Episode I – The Phantom Menace
467,Star Wars: Episode II – Attack of the Clones ,2002,David A. Palmer Productions,THQ,Star Wars: Episode II – Attack of the Clones
468,Star Wars: Episode III – Revenge of the Sith ,2005,The CollectiveLucasArtsUbisoft Montreal ,LucasArtsUbisoft ,Star Wars: Episode III – Revenge of the Sith
469,Star Wars: Return of the Jedi ,1984,"Atari, Inc.",Atari Domark,Return of the Jedi
470,Stargate ,1994,Probe Entertainment,Acclaim Entertainment,Stargate
471,Stargate ,1995,Probe Entertainment ,Acclaim Entertainment,Stargate
472,Starship Troopers ,1997,Strangelite,Empire Interactive and Destineer,Starship Troopers
473,Starship Troopers: Terran Ascendancy,2000,Blue Tongue Entertainment,Hasbro Interactive,Starship Troopers
474,Street Fighter: The Movie ,1995,Incredible Technologies,Capcom,Street Fighter
475,Street Fighter: The Movie ,1995,Capcom,Capcom Acclaim Entertainment ,Street Fighter
476,The Sum of All Fears ,2002,Red Storm Entertainment,Ubi Soft,The Sum of All Fears
477,Super Star Wars: Return of the Jedi,1994,Sculptured Software Realtime Associates ,"NA: JVC, later re-released by THQ JP/EU: JVC NA/EU: Black Pearl Software ",Return of the Jedi
478,Super Star Wars: The Empire Strikes Back,1993,Sculptured SoftwareLucasArts,"JVC, later re-released by THQ LucasArts ",The Empire Strikes Back
479,Superman Returns ,2006,EA Tiburon,Electronic Arts,Superman Returns
480,Superman Returns: Fortress of Solitude,2006,Santa Cruz Games/EA Tiburon,Electronic Arts,Superman Returns
481,Surf's Up ,2007,Ubisoft Montreal / Ubisoft Quebec / Totally Games  ,UbisoftSony Computer Entertainment America ,Surf's Up
482,Sweet Home ,1989,Capcom,Capcom,Sweet Home
483,Tangled: The Video Game,2010,Disney Interactive Studios,Disney Interactive Studios,Tangled
486,The Terminator ,1990,Bethesda Softworks,Bethesda Softworks,The Terminator
487,The Terminator ,1993,"Gray Matter, Mindscape",Mindscape,The Terminator
488,Terminator 2: Judgment Day ,1991,Midway Probe Software Beam Software ,Midway  Acclaim Entertainment ,Terminator 2: Judgment Day
489,Terminator 3: Rise of the Machines ,2003,Black Ops EntertainmentTaniko ,"Atari, Inc.",Terminator 3: Rise of the Machines
490,Terminator Salvation ,2009,Grin,Equity GamesEvolved Games,Terminator Salvation
492,The Thing ,2002,Computer Artworks,Black Label GamesKonami,The Thing
493,Thor: God of Thunder,2011,Liquid Entertainment Red Fly Studios ,Sega,Thor
494,Timecop ,1995,Cryo Interactive Entertainment,"JVC Victor Interactive Software, Inc.",Timecop
495,TMNT ,2007,Ubisoft Montreal,Ubisoft,TMNT
496,TMNT ,2007,Ubisoft Montreal,UbisoftGame Factory InteractiveRussobit-M,TMNT (video game)
498,Tomorrow Never Dies ,1999,Black Ops Entertainment,Electronic Arts MGM Interactive,Tomorrow Never Dies
502,Top Gun: Danger Zone,1991,Distinctive Software,Konami,Top Gun
503,Top Gun: Fire At Will,1996,Spectrum Holobyte,Spectrum Holobyte,Top Gun
504,Top Gun: Guts and Glory,1993,Distinctive Software,NA: Konami,Top Gun
506,Top Gun: Firestorm,2001,Fluid Studios,Titus Interactive,Top Gun
507,Top Gun: Combat Zones,2001,Digital Integration,Titus Interactive,Top Gun
508,Top Gun ,2006,Interactive Vision,"Mastiff Inc in North America, and Taito in Japan",Top Gun
509,Top Gun ,2007,Atomic Planet Entertainment,Blast! Entertainment Ltd,Top Gun
511,Total Recall ,1990,"Ocean Software, Interplay Entertainment","Ocean Software, Acclaim Entertainment",Total Recall
512,Toy Story ,1995,Traveller's TalesTiertex Design Studios ,Disney InteractiveSega Black Pearl Software ,Toy Story
513,Toy Story 2: Buzz Lightyear to the Rescue,1999,Traveller's TalesTiertex Design Studios ,ActivisionDisney Interactive THQ ,Toy Story 2
514,Toy Story 3: The Video Game,2010,Avalanche Software Asobo Studio Disney Interactive Studiosn-Space ,Disney Interactive Studios,Toy Story 3
515,Toy Story Racer,2001,Traveller's TalesTiertex Design Studios ,Activision,Toy Story franchise
516,Toys ,1993,"Imagineering, Inc.",Absolute Entertainment,Toys
517,Transformers Autobots,2007,Vicarious Visions,Activision,Transformers
518,Transformers Decepticons,2007,Vicarious Visions,Activision,Transformers
519,Transformers Revenge of the Fallen: Autobots,2009,Vicarious Visions,Activision,Transformers: Revenge of the Fallen
520,Transformers Revenge of the Fallen: Decepticons,2009,Vicarious Visions,ActivisionDreamWorks PicturesParamount PicturesHasbro,Transformers: Revenge of the Fallen
521,Transformers: Dark of the Moon ,2011,High Moon Studios,Activision,Transformers: Dark of the Moon
522,Transformers: Revenge of the Fallen ,2009,Luxoflux,Activision,Transformers: Revenge of the Fallen
523,Transformers: The Game,2007,Traveller's TalesNintendo DSVicarious VisionsPlayStation PortableSavage Entertainment,Activision,Transformers
524,Treasure Planet: Battle at Procyon,2002,Barking Dog Studios,Disney Interactive,Treasure Planet
526,Tron: Evolution,2010,Propaganda GamesGameStar Ltd. SuperVillain Studios ,Disney Interactive Studios,Tron: Legacy
527,Tron RUN/r,2016,Sanzaru Games,Disney Interactive Studios,Tron franchise
528,True Lies ,1994,Beam Software,Acclaim Entertainment,True Lies
529,Tunnel Rats: 1968,2009,Replay Studios,Boll AG,Tunnel Rats
530,Un Juego de Huevos,2010,Fabrication Games,Zeebo Inc.,Una Película de Huevos
531,Underworld: The Eternal War,2004,Lucky Chicken Games,Play It!,Underworld
532,The Untouchables ,1989,Ocean Software,Ocean Software,The Untouchables
533,Up ,2009,Asobo Studio Heavy Iron Studios Altron THQ ,THQ,Up
534,Uuno Turhapuro muuttaa maalle ,1986,Pasi Hytönen,Amersoft,Uuno Turhapuro muuttaa maalle
535,Vampire Hunter D ,1999,Victor Interactive Software,Jaleco,Vampire Hunter D
536,Van Helsing ,2004,Saffire Corporation,Vivendi Universal Games,Van Helsing
537,A View to a Kill ,1985,DomarkAngelsoft,DomarkMindscape,A View to a Kill
538,Virus: It is Aware,1999,Cryo Interactive,Cryo Interactive,Virus
539,WALL-E ,2008,Heavy Iron Studios  Asobo Studio  Helixe  Savage Entertainment  Universomo ,THQ,WALL-E
540,Wallace & Gromit: The Curse of the Were-Rabbit ,2005,Frontier Developments,Konami,Wallace & Gromit: The Curse of the Were-Rabbit
541,Wanted: Weapons of Fate,2009,Grin,Warner Bros. Interactive Entertainment,Wanted
543,WarGames: Defcon 1,1998,Interactive Studios,MGM Interactive EU: Electronic Arts,WarGames
544,Warlock ,1995,Realtime Associates,Acclaim Entertainment,Warlock film series
545,The Warriors ,2005,Rockstar Toronto,Rockstar Games,The Warriors
546,The Warriors: Street Brawl,2009,CXTM,Paramount Digital Entertainment,The Warriors
547,Watchmen: The End Is Nigh,2009,Deadline Games,Warner Bros. Interactive Entertainment,Watchmen
548,Waterworld ,1995,Ocean of America DMA Design Data Design Interactive PAM Development Intelligent Games ,Ocean Software Interplay Productions ,Waterworld
549,Wayne's World ,1993,Gray Matter Inc.  Radical Entertainment ,Toy Headquarters,Wayne's World
550,Where the Wild Things Are ,2009,Griptonite GamesWayForward Technologies ,Warner Bros. Interactive Entertainment,Where the Wild Things Are
551,White Men Can't Jump ,1995,High Voltage SoftwareTrimark Interactive,Atari Corporation,White Men Can't Jump
552,Who Framed Roger Rabbit ,1988,Buena Vista Software,Buena Vista Software,Who Framed Roger Rabbit
553,Who Framed Roger Rabbit ,1989,Rare,LJN,Who Framed Roger Rabbit
554,Who Framed Roger Rabbit ,1991,Capcom,Capcom,Who Framed Roger Rabbit
555,Wild Wild West: The Steel Assassin,1999,SouthPeak Interactive,SouthPeak Interactive,Wild Wild West
556,Willow ,1988,Brian A. Rice Inc,Mindscape,Willow
557,Willow ,1989,Capcom,Capcom,Willow
558,Willow ,1989,Capcom,Capcom,Willow
559,The Wizard of Oz ,1993,Manley & Associates,SETA Corporation,The Wizard of Oz
560,The World Is Not Enough ,2000,Eurocom,EA Games,The World Is Not Enough
561,The World Is Not Enough ,2000,Black Ops Entertainment,EA Games,The World Is Not Enough
562,The World of Cars Online,2008,Disney Interactive Studios,The Walt Disney Company,Cars film series
563,X2: Wolverine's Revenge,2003,GenePool Software  Vicarious Visions  LTI Gray Matter ,ActivisionAspyr ,X2
564,X-Men: The Official Game,2003,Z-Axis Hypnos Beenox WayForward Technologies Amaze Entertainment ,"ActivisionCapcom U.S.A., Inc. (GBA re-release",X2 and X-Men: The Last Stand
565,X-Men Origins: Wolverine ,2009,Raven Software,Activision,X-Men Origins: Wolverine
566,Young Sherlock: The Legacy of Doyle,1987,Pack-In-Video,Pack-In-Video,Young Sherlock Holmes
